Date,2Y,3Y,5Y,10Y,2s10s_bp,3s10s_bp,2s5s_bp
2013-05-20,,,,3.229,,,
2013-05-21,,,,3.263,,,
2013-05-22,,,,3.272,,,
2013-05-23,,,,3.299,,,
2013-05-24,,,,3.316,,,
2013-05-27,,,,3.279,,,
2013-05-28,,,,3.333,,,
2013-05-29,,,,3.479,,,
2013-05-30,,,,3.403,,,
2013-05-31,,,,3.365,,,
2013-06-03,,,,3.429,,,
2013-06-04,,,,3.449,,,
2013-06-05,,,,3.397,,,
2013-06-06,,,,3.349,,,
2013-06-07,,,,3.264,,,
2013-06-11,,,,3.418,,,
2013-06-12,,,,3.464,,,
2013-06-13,,,,3.404,,,
2013-06-14,,,,3.375,,,
2013-06-17,,,,3.408,,,
2013-06-18,,,,3.408,,,
2013-06-19,,,,3.436,,,
2013-06-20,,,,3.649,,,
2013-06-21,,,,3.769,,,
2013-06-24,,,,4.051,,,
2013-06-25,,,,3.813,,,
2013-06-26,,,,3.855,,,
2013-06-27,,,,3.833,,,
2013-06-28,,,,3.774,,,
2013-07-01,,,,3.838,,,
2013-07-02,,,,3.755,,,
2013-07-03,,,,3.76,,,
2013-07-04,,,,3.812,,,
2013-07-05,,,,3.836,,,
2013-07-08,,,,3.92,,,
2013-07-09,,,,3.897,,,
2013-07-10,,,,3.858,,,
2013-07-11,,,,3.754,,,
2013-07-12,,,,3.762,,,
2013-07-15,,,,3.746,,,
2013-07-16,,,,3.771,,,
2013-07-17,,,,3.768,,,
2013-07-18,,,,3.687,,,
2013-07-19,,,,3.692,,,
2013-07-22,,,,3.674,,,
2013-07-23,,,,3.676,,,
2013-07-24,,,,3.706,,,
2013-07-25,,,,3.799,,,
2013-07-26,,,,3.801,,,
2013-07-29,,,,3.761,,,
2013-07-30,,,,3.726,,,
2013-07-31,,,,3.747,,,
2013-08-01,,,,3.692,,,
2013-08-02,,,,3.818,,,
2013-08-05,,,,,,,
2013-08-06,,,,3.74,,,
2013-08-07,,,,3.718,,,
2013-08-08,,,,3.699,,,
2013-08-09,,,,3.739,,,
2013-08-12,,,,3.715,,,
2013-08-13,,,,3.78,,,
2013-08-14,,,,3.879,,,
2013-08-15,,,,3.926,,,
2013-08-16,,,,4.001,,,
2013-08-19,,,,4.05,,,
2013-08-20,,,,4.005,,,
2013-08-21,,,,4.005,,,
2013-08-22,,,,4.109,,,
2013-08-23,,,,4.082,,,
2013-08-26,,,,4.044,,,
2013-08-27,,,,3.965,,,
2013-08-28,,,,3.938,,,
2013-08-29,,,,3.944,,,
2013-08-30,,,,3.928,,,
2013-09-02,2.594,2.8,3.258,3.989,139.5,118.9,66.40000000000002
2013-09-03,2.652,2.857,3.312,4.03,137.8,117.30000000000001,65.99999999999997
2013-09-04,2.714,2.925,3.373,4.055,134.09999999999997,112.99999999999999,65.90000000000002
2013-09-05,2.752,2.968,3.412,4.106,135.4,113.79999999999998,66.00000000000001
2013-09-06,2.79,3.007,3.455,4.177,138.69999999999996,116.99999999999994,66.5
2013-09-09,2.734,2.95,3.399,4.107,137.3,115.7,66.5
2013-09-10,2.814,3.03,3.474,4.164,134.99999999999997,113.39999999999999,66.00000000000001
2013-09-11,2.805,3.035,3.476,4.206,140.10000000000002,117.10000000000002,67.09999999999998
2013-09-12,2.699,2.923,3.361,4.077,137.8,115.39999999999999,66.20000000000003
2013-09-13,2.739,2.971,3.41,4.124,138.49999999999997,115.29999999999995,67.10000000000002
2013-09-16,2.69,2.905,3.338,4.033,134.30000000000004,112.80000000000005,64.80000000000001
2013-09-17,2.736,2.957,3.392,4.087,135.09999999999997,112.99999999999999,65.59999999999997
2013-09-18,2.745,2.969,3.402,4.1,135.49999999999994,113.09999999999998,65.7
2013-09-19,2.622,2.821,3.239,3.923,130.10000000000002,110.19999999999999,61.7
2013-09-20,2.66,2.863,3.283,3.98,131.99999999999997,111.7,62.299999999999976
2013-09-23,2.68,2.887,3.307,4.007,132.69999999999996,111.99999999999997,62.699999999999974
2013-09-24,2.631,2.835,3.251,3.941,131.0,110.6,62.000000000000014
2013-09-25,2.602,2.804,3.213,3.917,131.5,111.3,61.10000000000002
2013-09-26,2.613,2.816,3.225,3.92,130.7,110.4,61.20000000000001
2013-09-27,2.607,2.807,3.214,3.902,129.5,109.50000000000001,60.699999999999974
2013-09-30,2.57,2.765,3.167,3.85,128.00000000000003,108.5,59.699999999999996
2013-10-01,2.637,2.832,3.229,3.89,125.30000000000001,105.80000000000003,59.20000000000001
2013-10-02,2.639,2.841,3.234,3.891,125.20000000000002,104.99999999999999,59.50000000000002
2013-10-03,2.635,2.841,3.232,3.893,125.8,105.19999999999996,59.700000000000045
2013-10-04,2.68,2.908,3.31,3.982,130.20000000000002,107.40000000000003,62.999999999999986
2013-10-07,,,,,,,
2013-10-08,2.714,2.948,3.349,4.027,131.3,107.90000000000002,63.50000000000002
2013-10-09,2.737,2.97,3.368,4.036,129.89999999999995,106.59999999999994,63.09999999999998
2013-10-10,2.798,3.044,3.445,4.111,131.29999999999998,106.69999999999997,64.69999999999997
2013-10-11,2.784,3.024,3.422,4.079,129.5,105.49999999999997,63.80000000000003
2013-10-14,2.756,2.997,3.398,4.071,131.5,107.39999999999998,64.20000000000003
2013-10-15,2.816,3.083,3.489,4.155,133.90000000000003,107.2,67.30000000000001
2013-10-16,2.82,3.087,3.502,4.191,137.1,110.39999999999996,68.19999999999999
2013-10-17,2.731,2.988,3.4,4.088,135.70000000000002,110.00000000000001,66.9
2013-10-18,2.723,2.977,3.391,4.068,134.49999999999997,109.09999999999998,66.80000000000001
2013-10-21,2.711,2.968,3.376,4.034,132.29999999999998,106.59999999999998,66.5
2013-10-22,2.736,2.998,3.402,4.058,132.19999999999996,105.99999999999996,66.6
2013-10-23,2.679,2.935,3.323,3.944,126.50000000000001,100.89999999999999,64.4
2013-10-24,2.678,2.936,3.323,3.943,126.50000000000001,100.70000000000002,64.5
2013-10-25,2.675,2.929,3.315,3.924,124.9,99.50000000000001,64.00000000000001
2013-10-28,2.685,2.939,3.328,3.965,127.99999999999999,102.59999999999998,64.29999999999998
2013-10-29,2.65,2.903,3.298,3.944,129.4,104.1,64.80000000000001
2013-10-30,2.617,2.867,3.266,3.933,131.6,106.59999999999998,64.9
2013-10-31,2.682,2.932,3.33,3.98,129.8,104.80000000000001,64.80000000000001
2013-11-01,2.722,2.969,3.37,4.026,130.39999999999998,105.69999999999999,64.80000000000001
2013-11-04,2.803,3.055,3.453,4.093,129.0,103.79999999999998,64.99999999999999
2013-11-05,2.798,3.047,3.445,4.095,129.69999999999996,104.79999999999995,64.69999999999997
2013-11-06,2.825,3.086,3.495,4.164,133.89999999999995,107.79999999999998,67.0
2013-11-07,2.776,3.029,3.444,4.112,133.60000000000002,108.30000000000001,66.80000000000001
2013-11-08,2.753,3.002,3.417,4.09,133.7,108.80000000000001,66.39999999999998
2013-11-11,2.803,3.062,3.483,4.179,137.60000000000002,111.70000000000005,68.00000000000001
2013-11-12,2.838,3.104,3.535,4.25,141.2,114.6,69.7
2013-11-13,2.799,3.066,3.497,4.222,142.30000000000004,115.60000000000005,69.8
2013-11-14,2.764,3.02,3.443,4.159,139.5,113.89999999999998,67.90000000000003
2013-11-15,2.748,3.001,3.431,4.16,141.2,115.90000000000002,68.29999999999998
2013-11-18,2.748,3.003,3.433,4.165,141.7,116.19999999999999,68.49999999999996
2013-11-19,2.768,3.024,3.451,4.178,141.0,115.39999999999999,68.30000000000003
2013-11-20,2.787,3.053,3.487,4.228,144.1,117.49999999999999,70.00000000000001
2013-11-21,2.808,3.084,3.533,4.294,148.59999999999997,120.99999999999996,72.50000000000001
2013-11-22,2.786,3.063,3.511,4.278,149.19999999999996,121.49999999999994,72.50000000000001
2013-11-25,2.772,3.044,3.488,4.238,146.60000000000005,119.40000000000003,71.60000000000002
2013-11-26,2.74,3.006,3.448,4.193,145.29999999999995,118.69999999999999,70.79999999999997
2013-11-27,2.721,2.979,3.419,4.159,143.79999999999998,117.99999999999997,69.8
2013-11-28,2.759,3.029,3.471,4.21,145.1,118.10000000000001,71.20000000000002
2013-11-29,2.735,2.999,3.441,4.181,144.60000000000002,118.19999999999999,70.6
2013-12-02,2.79,3.061,3.516,4.247,145.7,118.6,72.6
2013-12-03,2.809,3.082,3.539,4.285,147.6,120.30000000000003,73.0
2013-12-04,2.762,3.032,3.5,4.267,150.50000000000003,123.50000000000003,73.8
2013-12-05,2.786,3.058,3.547,4.357,157.10000000000002,129.90000000000003,76.10000000000001
2013-12-06,2.805,3.079,3.573,4.392,158.70000000000002,131.3,76.79999999999998
2013-12-09,2.764,3.031,3.519,4.332,156.8,130.09999999999997,75.50000000000003
2013-12-10,2.769,3.039,3.531,4.348,157.89999999999998,130.89999999999998,76.2
2013-12-11,2.72,2.985,3.479,4.307,158.70000000000002,132.20000000000005,75.89999999999999
2013-12-12,2.692,2.949,3.448,4.282,159.0,133.3,75.59999999999998
2013-12-13,2.676,2.93,3.437,4.281,160.49999999999994,135.09999999999997,76.09999999999997
2013-12-16,2.632,2.867,3.373,4.186,155.39999999999998,131.9,74.10000000000001
2013-12-17,2.637,2.868,3.379,4.19,155.30000000000004,132.20000000000005,74.2
2013-12-18,2.627,2.852,3.365,4.193,156.6,134.09999999999997,73.80000000000004
2013-12-19,2.667,2.9,3.411,4.232,156.50000000000003,133.20000000000002,74.40000000000002
2013-12-20,2.667,2.913,3.428,4.249,158.2,133.6,76.10000000000001
2013-12-23,2.67,2.914,3.426,4.226,155.6,131.2,75.60000000000002
2013-12-24,2.658,2.901,3.408,4.201,154.29999999999998,129.99999999999997,75.0
2013-12-27,2.709,2.956,3.463,4.238,152.90000000000003,128.20000000000005,75.4
2013-12-30,2.7,2.945,3.453,4.233,153.29999999999995,128.79999999999998,75.29999999999997
2013-12-31,2.676,2.91,3.425,4.199,152.29999999999995,128.89999999999998,74.89999999999996
2014-01-02,2.739,2.974,3.492,4.292,155.29999999999998,131.79999999999995,75.30000000000001
2014-01-03,,,,4.307,,,
2014-01-06,2.755,2.995,3.522,4.34,158.5,134.49999999999997,76.69999999999999
2014-01-07,2.72,2.958,3.48,4.282,156.2,132.39999999999998,75.99999999999997
2014-01-08,2.713,2.95,3.469,4.268,155.49999999999997,131.79999999999995,75.59999999999998
2014-01-09,2.762,3.009,3.523,4.287,152.5,127.8,76.10000000000001
2014-01-10,2.734,2.981,3.496,4.236,150.2,125.49999999999999,76.2
2014-01-13,2.713,2.958,3.467,4.2,148.70000000000002,124.2,75.4
2014-01-14,2.688,2.932,3.436,4.166,147.8,123.40000000000005,74.79999999999998
2014-01-15,2.713,2.962,3.47,4.204,149.09999999999997,124.19999999999996,75.70000000000002
2014-01-16,2.635,2.877,3.397,4.152,151.70000000000005,127.50000000000003,76.2
2014-01-17,2.573,2.811,3.323,4.074,150.1,126.29999999999998,75.0
2014-01-20,2.566,2.807,3.315,4.055,148.89999999999998,124.79999999999998,74.9
2014-01-21,2.604,2.848,3.35,4.082,147.79999999999998,123.4,74.6
2014-01-22,2.72,2.977,3.464,4.161,144.09999999999994,118.39999999999998,74.39999999999998
2014-01-23,2.688,2.947,3.438,4.143,145.49999999999997,119.59999999999997,75.0
2014-01-24,2.558,2.801,3.296,4.021,146.3,121.99999999999997,73.8
2014-01-28,2.559,2.795,3.284,4.002,144.29999999999995,120.69999999999999,72.49999999999997
2014-01-29,2.637,2.882,3.369,4.09,145.29999999999998,120.79999999999997,73.20000000000002
2014-01-30,2.57,2.809,3.291,3.98,141.0,117.09999999999998,72.10000000000001
2014-01-31,2.581,2.825,3.292,3.976,139.5,115.09999999999998,71.09999999999998
2014-02-03,2.595,2.839,3.301,3.977,138.19999999999996,113.79999999999998,70.6
2014-02-04,2.635,2.878,3.325,3.971,133.60000000000002,109.3,69.00000000000004
2014-02-05,2.651,2.895,3.346,3.997,134.60000000000002,110.19999999999999,69.50000000000003
2014-02-06,2.695,2.946,3.4,4.065,137.00000000000006,111.90000000000002,70.5
2014-02-07,2.738,2.991,3.448,4.129,139.09999999999997,113.79999999999994,71.0
2014-02-10,2.729,2.98,3.438,4.121,139.20000000000005,114.10000000000005,70.9
2014-02-11,2.764,3.018,3.478,4.162,139.8,114.4,71.40000000000003
2014-02-12,2.78,3.039,3.5,4.199,141.9,115.99999999999997,72.00000000000001
2014-02-13,2.722,2.974,3.437,4.154,143.2,117.99999999999997,71.49999999999999
2014-02-14,2.694,2.946,3.402,4.084,138.99999999999997,113.79999999999994,70.80000000000001
2014-02-17,2.734,2.988,3.445,4.143,140.89999999999998,115.49999999999999,71.09999999999998
2014-02-18,2.751,3.01,3.465,4.162,141.1,115.20000000000002,71.39999999999999
2014-02-19,2.715,2.972,3.423,4.125,141.0,115.3,70.80000000000001
2014-02-20,2.707,2.962,3.415,4.125,141.8,116.29999999999998,70.80000000000001
2014-02-21,2.758,3.022,3.479,4.201,144.29999999999995,117.89999999999998,72.10000000000001
2014-02-24,2.714,2.975,3.432,4.157,144.3,118.19999999999999,71.8
2014-02-25,2.713,2.977,3.428,4.152,143.9,117.50000000000003,71.49999999999999
2014-02-26,2.687,2.948,3.398,4.107,142.00000000000003,115.90000000000002,71.10000000000002
2014-02-27,2.617,2.859,3.314,4.045,142.79999999999998,118.6,69.7
2014-02-28,2.598,2.839,3.291,4.014,141.60000000000002,117.50000000000003,69.30000000000001
2014-03-03,2.561,2.791,3.243,3.976,141.5,118.5,68.19999999999999
2014-03-04,2.614,2.84,3.286,3.985,137.1,114.5,67.20000000000002
2014-03-05,2.674,2.894,3.345,4.033,135.90000000000003,113.90000000000002,67.10000000000002
2014-03-06,2.722,2.942,3.39,4.077,135.5,113.49999999999997,66.80000000000001
2014-03-07,2.747,2.972,3.433,4.134,138.70000000000005,116.20000000000003,68.6
2014-03-10,2.756,2.984,3.45,4.181,142.50000000000003,119.7,69.40000000000003
2014-03-11,2.735,2.96,3.428,4.174,143.90000000000006,121.40000000000003,69.30000000000001
2014-03-12,2.723,2.948,3.421,4.167,144.4,121.89999999999999,69.8
2014-03-13,2.78,3.01,3.467,4.159,137.9,114.9,68.70000000000003
2014-03-14,2.682,2.894,3.349,4.06,137.79999999999995,116.59999999999995,66.70000000000003
2014-03-17,2.715,2.928,3.377,4.035,132.00000000000003,110.70000000000002,66.19999999999999
2014-03-18,2.748,2.965,3.418,4.07,132.20000000000002,110.50000000000004,67.0
2014-03-19,2.737,2.951,3.401,4.052,131.49999999999994,110.09999999999995,66.39999999999998
2014-03-20,2.778,3.001,3.452,4.116,133.79999999999995,111.49999999999997,67.39999999999999
2014-03-21,2.801,3.031,3.482,4.146,134.49999999999997,111.49999999999997,68.10000000000001
2014-03-24,2.807,3.043,3.488,4.157,135.0,111.39999999999999,68.10000000000001
2014-03-25,2.766,3.004,3.442,4.109,134.3,110.5,67.60000000000002
2014-03-26,2.785,3.026,3.451,4.102,131.70000000000002,107.60000000000005,66.6
2014-03-27,2.779,3.017,3.44,4.073,129.40000000000003,105.60000000000005,66.10000000000001
2014-03-28,2.761,3.001,3.42,4.059,129.8,105.80000000000003,65.89999999999998
2014-03-31,2.782,3.021,3.441,4.075,129.3,105.40000000000003,65.89999999999998
2014-04-01,2.81,3.052,3.475,4.124,131.39999999999995,107.19999999999996,66.5
2014-04-02,2.821,3.073,3.495,4.163,134.20000000000002,109.00000000000003,67.39999999999999
2014-04-03,2.829,3.092,3.509,4.174,134.50000000000003,108.20000000000003,67.99999999999997
2014-04-04,2.809,3.074,3.489,4.151,134.19999999999996,107.69999999999999,67.99999999999997
2014-04-07,2.763,3.018,3.428,4.075,131.20000000000002,105.70000000000005,66.5
2014-04-08,2.765,3.019,3.426,4.08,131.5,106.1,66.10000000000001
2014-04-09,2.762,3.012,3.418,4.064,130.20000000000002,105.2,65.60000000000001
2014-04-10,2.789,3.042,3.435,4.049,126.00000000000003,100.70000000000006,64.6
2014-04-11,2.762,3.005,3.394,4.015,125.29999999999997,100.99999999999997,63.20000000000001
2014-04-14,2.732,2.97,3.35,3.959,122.69999999999999,98.89999999999999,61.79999999999999
2014-04-15,2.755,2.99,3.37,3.988,123.30000000000001,99.79999999999998,61.50000000000002
2014-04-16,2.751,2.982,3.361,3.975,122.40000000000002,99.29999999999998,61.00000000000003
2014-04-17,2.739,2.963,3.341,3.956,121.7,99.29999999999998,60.20000000000003
2014-04-22,2.774,3.005,3.384,4.005,123.1,100.0,60.999999999999986
2014-04-23,2.727,2.95,3.333,3.962,123.50000000000003,101.2,60.60000000000003
2014-04-24,2.711,2.931,3.319,3.96,124.9,102.89999999999999,60.80000000000001
2014-04-28,2.7,2.914,3.298,3.926,122.6,101.2,59.79999999999998
2014-04-29,,,,3.938,,,
2014-04-30,2.732,2.949,3.33,3.946,121.39999999999999,99.70000000000003,59.79999999999998
2014-05-01,2.727,2.939,3.319,3.937,121.0,99.79999999999998,59.20000000000001
2014-05-02,2.722,2.929,3.297,3.907,118.5,97.80000000000003,57.500000000000014
2014-05-05,,,,3.873,,,
2014-05-06,2.696,2.892,3.262,3.868,117.19999999999997,97.6,56.59999999999998
2014-05-07,2.675,2.865,3.23,3.835,116.00000000000001,96.99999999999997,55.500000000000014
2014-05-08,2.703,2.892,3.253,3.844,114.1,95.19999999999999,55.00000000000003
2014-05-09,2.686,2.872,3.232,3.823,113.7,95.10000000000001,54.60000000000002
2014-05-12,2.698,2.884,3.243,3.834,113.60000000000001,95.00000000000001,54.49999999999999
2014-05-13,2.704,2.894,3.256,3.85,114.6,95.6,55.19999999999996
2014-05-14,2.686,2.874,3.231,3.809,112.30000000000003,93.5,54.49999999999999
2014-05-15,2.672,2.857,3.2,3.764,109.19999999999996,90.69999999999996,52.800000000000004
2014-05-16,2.667,2.848,3.179,3.719,105.2,87.1,51.2
2014-05-19,2.657,2.841,3.156,3.686,102.89999999999999,84.49999999999997,49.90000000000001
2014-05-20,2.67,2.852,3.173,3.716,104.60000000000002,86.40000000000003,50.30000000000001
2014-05-21,2.6,2.773,3.102,3.662,106.19999999999999,88.89999999999998,50.199999999999974
2014-05-22,2.645,2.824,3.163,3.752,110.69999999999997,92.8,51.79999999999998
2014-05-23,2.658,2.843,3.189,3.787,112.9,94.39999999999999,53.100000000000016
2014-05-26,2.638,2.825,3.163,3.747,110.9,92.19999999999997,52.49999999999999
2014-05-27,2.66,2.845,3.179,3.753,109.3,90.8,51.89999999999997
2014-05-28,2.653,2.835,3.158,3.713,106.0,87.80000000000001,50.499999999999986
2014-05-29,2.617,2.788,3.1,3.648,103.10000000000001,86.00000000000003,48.30000000000001
2014-05-30,2.623,2.797,3.109,3.663,103.99999999999996,86.59999999999997,48.59999999999998
2014-06-02,2.626,2.789,3.108,3.679,105.3,88.99999999999997,48.20000000000002
2014-06-03,2.644,2.808,3.13,3.729,108.5,92.10000000000002,48.59999999999998
2014-06-04,2.687,2.866,3.19,3.787,110.00000000000001,92.09999999999998,50.30000000000001
2014-06-05,2.68,2.855,3.181,3.781,110.1,92.60000000000002,50.09999999999999
2014-06-06,2.685,2.853,3.18,3.781,109.60000000000001,92.8,49.500000000000014
2014-06-10,2.694,2.864,3.191,3.795,110.1,93.10000000000001,49.69999999999999
2014-06-11,2.727,2.912,3.242,3.857,113.00000000000003,94.50000000000003,51.500000000000014
2014-06-12,2.69,2.877,3.211,3.831,114.1,95.40000000000002,52.099999999999994
2014-06-13,2.686,2.866,3.197,3.793,110.70000000000002,92.7,51.10000000000001
2014-06-16,2.673,2.844,3.168,3.754,108.1,91.00000000000001,49.500000000000014
2014-06-17,2.614,2.789,3.113,3.709,109.50000000000001,92.0,49.90000000000001
2014-06-18,2.631,2.809,3.137,3.747,111.60000000000001,93.79999999999997,50.60000000000002
2014-06-19,2.576,2.749,3.074,3.673,109.7,92.39999999999999,49.799999999999976
2014-06-20,2.585,2.759,3.084,3.688,110.30000000000003,92.90000000000003,49.90000000000001
2014-06-23,2.603,2.782,3.105,3.704,110.1,92.20000000000002,50.199999999999974
2014-06-24,2.559,2.733,3.053,3.649,108.99999999999999,91.6,49.39999999999998
2014-06-25,2.53,2.696,3.014,3.602,107.2,90.59999999999997,48.4
2014-06-26,2.53,2.696,3.015,3.602,107.2,90.59999999999997,48.50000000000003
2014-06-27,2.512,2.669,2.98,3.553,104.1,88.39999999999999,46.8
2014-06-30,2.531,2.681,2.991,3.554,102.29999999999997,87.29999999999998,46.0
2014-07-01,2.567,2.713,3.026,3.598,103.09999999999997,88.49999999999997,45.89999999999996
2014-07-02,2.544,2.685,3.001,3.575,103.10000000000001,89.00000000000001,45.69999999999999
2014-07-03,2.499,2.63,2.951,3.556,105.69999999999999,92.60000000000002,45.199999999999996
2014-07-04,2.531,2.661,2.983,3.601,106.99999999999999,94.0,45.199999999999996
2014-07-07,2.545,2.672,2.993,3.607,106.20000000000003,93.5,44.8
2014-07-08,2.56,2.683,3.0,3.588,102.8,90.50000000000003,43.99999999999999
2014-07-09,2.534,2.654,2.964,3.536,100.20000000000002,88.20000000000002,43.000000000000014
2014-07-10,2.49,2.606,2.914,3.482,99.2,87.60000000000004,42.39999999999999
2014-07-11,2.459,2.561,2.866,3.429,96.99999999999997,86.79999999999998,40.7
2014-07-14,2.489,2.594,2.898,3.458,96.90000000000003,86.40000000000003,40.90000000000003
2014-07-15,2.471,2.579,2.879,3.454,98.30000000000001,87.5,40.79999999999999
2014-07-16,2.464,2.56,2.865,3.441,97.69999999999999,88.09999999999998,40.10000000000002
2014-07-17,2.476,2.575,2.871,3.427,95.10000000000001,85.19999999999999,39.5
2014-07-18,2.471,2.546,2.845,3.396,92.49999999999999,85.00000000000001,37.40000000000001
2014-07-21,2.518,2.596,2.889,3.41,89.20000000000003,81.4,37.1
2014-07-22,2.527,2.6,2.887,3.389,86.19999999999996,78.89999999999998,35.999999999999986
2014-07-23,2.566,2.644,2.933,3.428,86.20000000000002,78.39999999999998,36.7
2014-07-24,2.58,2.671,2.955,3.442,86.20000000000002,77.10000000000004,37.5
2014-07-25,2.576,2.674,2.957,3.458,88.20000000000002,78.40000000000002,38.09999999999998
2014-07-28,2.569,2.666,2.946,3.442,87.30000000000003,77.60000000000002,37.700000000000024
2014-07-29,2.593,2.695,2.975,3.488,89.5,79.30000000000001,38.20000000000001
2014-07-30,2.568,2.666,2.945,3.441,87.29999999999998,77.49999999999999,37.699999999999974
2014-07-31,2.603,2.714,3.0,3.525,92.19999999999997,81.1,39.69999999999998
2014-08-01,2.623,2.733,3.019,3.537,91.39999999999998,80.39999999999998,39.599999999999994
2014-08-04,,,,,,,
2014-08-05,2.606,2.714,2.993,3.488,88.20000000000002,77.4,38.7
2014-08-06,2.634,2.744,3.023,3.533,89.9,78.89999999999998,38.90000000000002
2014-08-07,2.536,2.638,2.914,3.44,90.39999999999999,80.2,37.80000000000001
2014-08-08,2.445,2.522,2.79,3.301,85.60000000000004,77.90000000000003,34.50000000000002
2014-08-11,2.529,2.62,2.893,3.427,89.80000000000001,80.69999999999999,36.39999999999999
2014-08-12,2.547,2.639,2.913,3.444,89.69999999999997,80.50000000000001,36.599999999999966
2014-08-13,2.564,2.657,2.937,3.475,91.10000000000001,81.80000000000001,37.299999999999976
2014-08-14,2.508,2.597,2.879,3.41,90.20000000000002,81.30000000000001,37.1
2014-08-15,,,,3.413,,,
2014-08-18,2.501,2.589,2.857,3.37,86.90000000000002,78.10000000000001,35.60000000000003
2014-08-19,2.527,2.616,2.89,3.43,90.3,81.4,36.3
2014-08-20,2.552,2.647,2.919,3.451,89.9,80.40000000000003,36.7
2014-08-21,2.588,2.697,2.97,3.504,91.6,80.69999999999999,38.20000000000001
2014-08-22,2.605,2.716,2.986,3.504,89.9,78.79999999999998,38.10000000000002
2014-08-25,2.597,2.706,2.967,3.46,86.3,75.4,37.000000000000014
2014-08-26,2.55,2.657,2.907,3.38,83.0,72.29999999999998,35.70000000000002
2014-08-27,2.533,2.635,2.884,3.355,82.2,72.00000000000001,35.099999999999994
2014-08-28,2.553,2.655,2.895,3.349,79.60000000000002,69.40000000000003,34.20000000000001
2014-08-29,2.544,2.643,2.878,3.318,77.4,67.50000000000003,33.400000000000006
2014-09-01,2.555,2.654,2.889,3.349,79.4,69.50000000000003,33.39999999999996
2014-09-02,2.585,2.684,2.916,3.376,79.1,69.19999999999997,33.099999999999994
2014-09-03,2.616,2.723,2.963,3.455,83.89999999999999,73.20000000000002,34.699999999999996
2014-09-04,2.609,2.712,2.955,3.455,84.60000000000001,74.29999999999998,34.60000000000001
2014-09-05,2.634,2.743,2.985,3.49,85.60000000000004,74.70000000000003,35.099999999999994
2014-09-08,2.628,2.736,2.976,3.475,84.7,73.89999999999999,34.79999999999998
2014-09-09,2.691,2.81,3.057,3.591,90.00000000000003,78.10000000000001,36.60000000000001
2014-09-10,2.694,2.816,3.064,3.597,90.3,78.10000000000001,37.000000000000014
2014-09-11,2.725,2.857,3.102,3.636,91.10000000000001,77.89999999999999,37.699999999999974
2014-09-12,2.712,2.856,3.103,3.635,92.29999999999995,77.89999999999999,39.1
2014-09-15,,,,3.676,,,
2014-09-16,2.693,2.833,3.09,3.646,95.29999999999998,81.29999999999997,39.69999999999998
2014-09-17,2.709,2.854,3.112,3.672,96.30000000000001,81.80000000000001,40.300000000000004
2014-09-18,2.758,2.913,3.175,3.732,97.40000000000002,81.90000000000003,41.69999999999998
2014-09-19,2.765,2.923,3.187,3.757,99.2,83.4,42.199999999999974
2014-09-22,2.711,2.866,3.124,3.683,97.2,81.69999999999997,41.300000000000026
2014-09-23,2.64,2.788,3.042,3.585,94.49999999999999,79.70000000000002,40.19999999999997
2014-09-24,2.687,2.838,3.092,3.64,95.30000000000003,80.2,40.50000000000003
2014-09-25,2.662,2.81,3.063,3.605,94.30000000000001,79.5,40.10000000000002
2014-09-26,2.625,2.761,3.001,3.516,89.1,75.49999999999999,37.59999999999999
2014-09-29,2.618,2.753,2.994,3.526,90.8,77.29999999999997,37.60000000000004
2014-09-30,2.602,2.726,2.967,3.512,91.00000000000001,78.60000000000001,36.50000000000002
2014-10-01,2.607,2.716,2.965,3.518,91.09999999999997,80.19999999999996,35.79999999999997
2014-10-02,2.584,2.667,2.912,3.453,86.89999999999998,78.60000000000001,32.79999999999998
2014-10-03,2.616,2.707,2.952,3.487,87.1,78.00000000000003,33.59999999999999
2014-10-06,,,,,,,
2014-10-07,2.591,2.679,2.921,3.423,83.19999999999999,74.40000000000002,32.999999999999964
2014-10-08,2.581,2.66,2.897,3.395,81.4,73.49999999999999,31.599999999999984
2014-10-09,2.568,2.622,2.858,3.337,76.9,71.50000000000003,29.000000000000004
2014-10-10,2.541,2.592,2.842,3.363,82.2,77.1,30.100000000000016
2014-10-13,2.521,2.566,2.812,3.33,80.90000000000002,76.40000000000002,29.099999999999994
2014-10-14,2.522,2.566,2.813,3.341,81.90000000000003,77.50000000000003,29.100000000000037
2014-10-15,2.558,2.619,2.86,3.375,81.70000000000002,75.59999999999998,30.200000000000003
2014-10-16,2.484,2.514,2.742,3.224,74.00000000000003,71.00000000000004,25.8
2014-10-17,2.514,2.558,2.785,3.256,74.2,69.8,27.100000000000037
2014-10-20,2.53,2.603,2.839,3.34,81.0,73.69999999999996,30.900000000000016
2014-10-21,2.455,2.514,2.744,3.225,77.0,71.10000000000002,28.900000000000013
2014-10-22,2.475,2.563,2.798,3.295,81.99999999999999,73.19999999999997,32.3
2014-10-23,2.478,2.563,2.797,3.29,81.19999999999999,72.69999999999999,31.899999999999995
2014-10-24,2.487,2.574,2.809,3.304,81.69999999999997,73.0,32.2
2014-10-27,2.51,2.605,2.838,3.331,82.10000000000002,72.6,32.800000000000026
2014-10-28,2.472,2.546,2.776,3.266,79.4,72.00000000000001,30.399999999999984
2014-10-29,2.51,2.606,2.838,3.326,81.60000000000002,72.00000000000001,32.800000000000026
2014-10-30,2.524,2.626,2.859,3.367,84.3,74.10000000000001,33.5
2014-10-31,2.5,2.588,2.812,3.317,81.70000000000002,72.9,31.19999999999998
2014-11-03,2.481,2.539,2.77,3.302,82.10000000000002,76.29999999999998,28.900000000000013
2014-11-04,2.508,2.579,2.811,3.353,84.50000000000001,77.4,30.299999999999994
2014-11-05,2.493,2.548,2.782,3.318,82.50000000000001,77.0,28.900000000000013
2014-11-06,2.495,2.548,2.772,3.279,78.39999999999998,73.1,27.699999999999967
2014-11-07,2.542,2.614,2.847,3.389,84.7,77.49999999999999,30.500000000000014
2014-11-10,2.514,2.568,2.792,3.314,80.00000000000003,74.6,27.800000000000004
2014-11-11,2.539,2.598,2.822,3.36,82.09999999999997,76.2,28.29999999999999
2014-11-12,2.551,2.617,2.84,3.374,82.3,75.70000000000002,28.89999999999997
2014-11-13,2.558,2.625,2.847,3.38,82.2,75.49999999999999,28.900000000000013
2014-11-14,2.554,2.615,2.834,3.37,81.60000000000002,75.49999999999999,28.000000000000025
2014-11-17,2.535,2.586,2.798,3.296,76.09999999999997,71.0,26.29999999999999
2014-11-18,2.541,2.586,2.801,3.321,78.00000000000003,73.50000000000003,26.00000000000002
2014-11-19,2.522,2.566,2.782,3.309,78.70000000000003,74.30000000000004,26.00000000000002
2014-11-20,2.523,2.555,2.773,3.309,78.60000000000001,75.4,25.0
2014-11-21,2.523,2.553,2.767,3.298,77.49999999999999,74.50000000000001,24.399999999999977
2014-11-24,2.519,2.543,2.75,3.288,76.89999999999996,74.49999999999997,23.099999999999987
2014-11-25,2.492,2.511,2.71,3.234,74.2,72.29999999999998,21.799999999999997
2014-11-26,2.449,2.444,2.637,3.166,71.7,72.2,18.80000000000002
2014-11-27,2.455,2.45,2.629,3.145,69.0,69.49999999999999,17.39999999999999
2014-11-28,2.424,2.397,2.57,3.066,64.19999999999999,66.9,14.59999999999999
2014-12-01,2.383,2.346,2.523,3.036,65.3,69.0,14.000000000000012
2014-12-02,2.44,2.425,2.613,3.151,71.09999999999998,72.6,17.300000000000004
2014-12-03,2.385,2.367,2.564,3.143,75.8,77.59999999999998,17.900000000000027
2014-12-04,2.369,2.356,2.545,3.113,74.39999999999998,75.70000000000002,17.599999999999973
2014-12-05,2.312,2.302,2.499,3.084,77.20000000000002,78.2,18.700000000000028
2014-12-08,2.344,2.343,2.539,3.131,78.69999999999999,78.79999999999998,19.50000000000003
2014-12-09,2.307,2.3,2.491,3.073,76.6,77.30000000000001,18.400000000000016
2014-12-10,2.277,2.258,2.431,2.972,69.49999999999999,71.39999999999999,15.399999999999991
2014-12-11,2.246,2.228,2.386,2.902,65.60000000000001,67.39999999999999,14.000000000000012
2014-12-12,2.31,2.29,2.444,2.938,62.80000000000001,64.80000000000001,13.39999999999999
2014-12-15,2.28,2.259,2.42,2.932,65.20000000000002,67.30000000000001,14.000000000000012
2014-12-16,2.284,2.254,2.408,2.902,61.80000000000003,64.80000000000001,12.400000000000011
2014-12-17,2.243,2.202,2.347,2.821,57.800000000000026,61.90000000000002,10.40000000000001
2014-12-18,2.267,2.23,2.377,2.89,62.300000000000026,66.00000000000001,10.999999999999988
2014-12-19,2.32,2.301,2.45,2.983,66.30000000000003,68.19999999999999,13.000000000000034
2014-12-22,2.269,2.241,2.38,2.9,63.09999999999998,65.89999999999998,11.099999999999977
2014-12-23,2.271,2.241,2.377,2.876,60.5,63.49999999999998,10.599999999999987
2014-12-24,2.285,2.261,2.401,2.922,63.7,66.10000000000001,11.599999999999966
2014-12-29,2.262,2.231,2.372,2.893,63.09999999999998,66.19999999999999,10.999999999999988
2014-12-30,2.214,2.163,2.301,2.803,58.9,64.00000000000001,8.700000000000019
2014-12-31,2.191,2.134,2.273,2.786,59.50000000000002,65.20000000000002,8.20000000000003
2015-01-02,2.224,2.185,2.322,2.846,62.19999999999999,66.10000000000001,9.799999999999986
2015-01-05,2.198,2.147,2.268,2.735,53.69999999999999,58.80000000000001,6.999999999999984
2015-01-06,2.196,2.147,2.261,2.689,49.29999999999999,54.200000000000024,6.499999999999995
2015-01-07,2.159,2.108,2.221,2.66,50.10000000000004,55.2,6.200000000000028
2015-01-08,2.204,2.157,2.271,2.711,50.69999999999997,55.399999999999984,6.699999999999973
2015-01-09,2.203,2.146,2.26,2.702,49.90000000000001,55.60000000000001,5.699999999999994
2015-01-12,2.195,2.135,2.247,2.673,47.80000000000002,53.800000000000026,5.200000000000005
2015-01-13,2.157,2.087,2.188,2.595,43.80000000000002,50.8,3.100000000000014
2015-01-14,2.146,2.078,2.172,2.552,40.600000000000016,47.40000000000002,2.6000000000000245
2015-01-15,2.21,2.165,2.265,2.658,44.8,49.29999999999999,5.500000000000016
2015-01-16,2.129,2.076,2.162,2.543,41.40000000000001,46.70000000000001,3.299999999999992
2015-01-19,2.161,2.124,2.214,2.616,45.50000000000001,49.2,5.299999999999994
2015-01-20,2.18,2.153,2.244,2.65,46.99999999999997,49.69999999999999,6.400000000000006
2015-01-21,2.144,2.112,2.198,2.581,43.69999999999998,46.899999999999984,5.399999999999983
2015-01-22,2.108,2.084,2.18,2.586,47.799999999999976,50.199999999999974,7.200000000000006
2015-01-23,2.119,2.102,2.203,2.619,50.0,51.70000000000003,8.399999999999963
2015-01-27,2.092,2.072,2.166,2.549,45.69999999999999,47.69999999999999,7.399999999999984
2015-01-28,2.154,2.13,2.217,2.589,43.50000000000001,45.900000000000006,6.300000000000017
2015-01-29,1.993,1.965,2.066,2.468,47.499999999999986,50.29999999999999,7.299999999999973
2015-01-30,1.963,1.938,2.04,2.427,46.4,48.90000000000001,7.699999999999996
2015-02-02,1.989,1.958,2.057,2.429,43.99999999999997,47.09999999999999,6.799999999999984
2015-02-03,1.836,1.797,1.895,2.266,42.99999999999999,46.900000000000006,5.899999999999994
2015-02-04,1.94,1.913,2.027,2.452,51.2,53.89999999999999,8.700000000000019
2015-02-05,1.903,1.874,1.981,2.387,48.4,51.29999999999999,7.800000000000007
2015-02-06,1.937,1.914,2.019,2.438,50.10000000000001,52.40000000000003,8.200000000000006
2015-02-09,1.972,1.96,2.076,2.532,56.00000000000001,57.2,10.40000000000001
2015-02-10,1.966,1.959,2.076,2.537,57.099999999999994,57.79999999999998,11.00000000000001
2015-02-11,1.965,1.959,2.086,2.574,60.89999999999998,61.49999999999998,12.099999999999977
2015-02-12,1.876,1.871,2.007,2.52,64.4,64.9,13.100000000000023
2015-02-13,1.861,1.852,1.993,2.488,62.7,63.59999999999999,13.200000000000012
2015-02-16,1.879,1.872,2.02,2.541,66.19999999999999,66.89999999999998,14.100000000000001
2015-02-17,1.872,1.863,2.008,2.514,64.19999999999997,65.09999999999998,13.59999999999999
2015-02-18,1.901,1.894,2.048,2.588,68.7,69.40000000000002,14.700000000000003
2015-02-19,1.849,1.844,1.998,2.532,68.30000000000001,68.8,14.900000000000002
2015-02-20,1.872,1.867,2.022,2.554,68.19999999999997,68.69999999999999,14.999999999999968
2015-02-23,1.88,1.878,2.035,2.568,68.80000000000001,69.00000000000001,15.500000000000025
2015-02-24,1.87,1.867,2.018,2.531,66.10000000000001,66.40000000000002,14.799999999999969
2015-02-25,1.864,1.86,2.004,2.484,61.999999999999986,62.39999999999999,13.99999999999999
2015-02-26,1.8,1.798,1.938,2.407,60.699999999999996,60.9,13.79999999999999
2015-02-27,1.785,1.786,1.931,2.447,66.20000000000002,66.10000000000001,14.600000000000012
2015-03-02,1.803,1.804,1.952,2.483,68.00000000000001,67.9,14.900000000000002
2015-03-03,1.865,1.863,2.008,2.538,67.29999999999998,67.49999999999999,14.3
2015-03-04,1.909,1.912,2.066,2.625,71.6,71.30000000000001,15.699999999999982
2015-03-05,1.921,1.929,2.08,2.614,69.29999999999998,68.49999999999999,15.900000000000002
2015-03-06,1.908,1.919,2.074,2.626,71.8,70.69999999999999,16.599999999999994
2015-03-09,1.961,1.986,2.158,2.726,76.49999999999999,74.0,19.699999999999985
2015-03-10,1.934,1.956,2.122,2.665,73.10000000000001,70.9,18.799999999999994
2015-03-11,1.866,1.885,2.047,2.58,71.39999999999999,69.5,18.100000000000005
2015-03-12,1.824,1.834,1.993,2.504,68.0,67.0,16.900000000000006
2015-03-13,1.876,1.882,2.039,2.543,66.70000000000003,66.10000000000002,16.300000000000026
2015-03-16,1.827,1.832,1.984,2.471,64.4,63.9,15.700000000000003
2015-03-17,1.853,1.857,1.998,2.463,61.00000000000001,60.60000000000001,14.500000000000002
2015-03-18,1.848,1.848,1.987,2.445,59.699999999999974,59.699999999999974,13.900000000000002
2015-03-19,1.784,1.782,1.91,2.341,55.70000000000002,55.90000000000002,12.599999999999989
2015-03-20,1.765,1.763,1.902,2.376,61.1,61.3,13.700000000000001
2015-03-23,1.776,1.774,1.914,2.381,60.49999999999998,60.699999999999974,13.79999999999999
2015-03-24,1.777,1.775,1.912,2.365,58.80000000000003,59.00000000000003,13.5
2015-03-25,1.747,1.736,1.866,2.317,57.00000000000001,58.100000000000016,11.899999999999999
2015-03-26,1.751,1.739,1.87,2.321,57.00000000000003,58.20000000000001,11.900000000000022
2015-03-27,1.787,1.777,1.919,2.4,61.3,62.3,13.200000000000012
2015-03-30,1.74,1.727,1.872,2.353,61.30000000000002,62.60000000000001,13.200000000000012
2015-03-31,1.718,1.706,1.842,2.313,59.50000000000002,60.70000000000002,12.400000000000011
2015-04-01,1.737,1.719,1.856,2.327,58.999999999999986,60.79999999999999,11.899999999999999
2015-04-02,1.699,1.679,1.828,2.292,59.299999999999976,61.299999999999976,12.9
2015-04-07,1.774,1.747,1.902,2.345,57.100000000000016,59.80000000000001,12.79999999999999
2015-04-08,1.765,1.733,1.884,2.326,56.100000000000016,59.3,11.899999999999999
2015-04-09,1.766,1.735,1.884,2.343,57.699999999999996,60.79999999999999,11.799999999999988
2015-04-10,1.795,1.763,1.906,2.363,56.800000000000004,60.00000000000001,11.099999999999998
2015-04-13,1.755,1.723,1.867,2.338,58.30000000000002,61.5,11.20000000000001
2015-04-14,1.725,1.693,1.836,2.303,57.79999999999998,60.999999999999986,11.099999999999998
2015-04-15,1.706,1.673,1.811,2.279,57.3,60.59999999999999,10.499999999999998
2015-04-16,1.831,1.784,1.923,2.365,53.40000000000003,58.100000000000016,9.200000000000008
2015-04-17,1.832,1.784,1.919,2.349,51.70000000000001,56.500000000000014,8.699999999999996
2015-04-20,1.866,1.819,1.959,2.394,52.800000000000004,57.500000000000014,9.299999999999997
2015-04-21,1.856,1.808,1.95,2.39,53.400000000000006,58.20000000000001,9.399999999999986
2015-04-22,1.911,1.868,2.004,2.435,52.400000000000006,56.699999999999996,9.299999999999997
2015-04-23,1.942,1.898,2.05,2.52,57.800000000000004,62.20000000000001,10.799999999999986
2015-04-24,1.946,1.911,2.063,2.53,58.399999999999984,61.89999999999998,11.70000000000002
2015-04-27,1.904,1.869,2.017,2.5,59.60000000000001,63.1,11.299999999999999
2015-04-28,1.958,1.931,2.078,2.556,59.80000000000001,62.5,11.99999999999999
2015-04-29,1.956,1.939,2.09,2.594,63.79999999999999,65.49999999999999,13.39999999999999
2015-04-30,1.95,1.939,2.104,2.647,69.69999999999999,70.79999999999997,15.400000000000013
2015-05-01,1.921,1.93,2.108,2.681,76.0,75.10000000000001,18.700000000000006
2015-05-04,1.912,1.916,2.107,2.691,77.89999999999999,77.49999999999999,19.50000000000003
2015-05-05,1.989,2.02,2.216,2.794,80.5,77.4,22.70000000000001
2015-05-06,2.059,2.119,2.321,2.924,86.49999999999997,80.49999999999997,26.200000000000003
2015-05-07,2.065,2.142,2.352,2.989,92.39999999999999,84.7,28.699999999999992
2015-05-08,2.019,2.083,2.261,2.843,82.39999999999998,75.99999999999997,24.2
2015-05-11,2.032,2.094,2.271,2.856,82.39999999999998,76.2,23.899999999999988
2015-05-12,2.115,2.21,2.411,3.045,92.99999999999997,83.5,29.59999999999998
2015-05-13,2.063,2.157,2.361,2.956,89.29999999999998,79.89999999999999,29.800000000000004
2015-05-14,2.046,2.142,2.357,2.999,95.30000000000003,85.70000000000002,31.100000000000037
2015-05-15,1.987,2.073,2.284,2.899,91.19999999999999,82.60000000000001,29.69999999999997
2015-05-18,1.994,2.074,2.276,2.872,87.79999999999998,79.80000000000001,28.19999999999998
2015-05-19,2.024,2.116,2.323,2.947,92.30000000000001,83.1,29.89999999999999
2015-05-20,2.024,2.116,2.329,2.972,94.8,85.6,30.500000000000014
2015-05-21,1.994,2.077,2.295,2.945,95.09999999999998,86.79999999999998,30.099999999999994
2015-05-22,1.993,2.07,2.287,2.92,92.69999999999999,85.00000000000001,29.39999999999998
2015-05-25,1.995,2.07,2.285,2.916,92.09999999999998,84.60000000000001,29.000000000000004
2015-05-26,2.002,2.078,2.296,2.921,91.9,84.3,29.400000000000006
2015-05-27,1.985,2.047,2.253,2.841,85.60000000000001,79.4,26.8
2015-05-28,1.934,1.968,2.179,2.783,84.89999999999999,81.5,24.49999999999999
2015-05-29,1.875,1.907,2.117,2.734,85.9,82.69999999999999,24.2
2015-06-01,1.862,1.888,2.095,2.714,85.19999999999999,82.60000000000001,23.30000000000001
2015-06-02,1.924,1.942,2.146,2.748,82.40000000000003,80.60000000000002,22.199999999999996
2015-06-03,2.002,2.03,2.254,2.899,89.70000000000002,86.90000000000002,25.200000000000024
2015-06-04,2.036,2.092,2.35,3.045,100.89999999999999,95.29999999999998,31.400000000000006
2015-06-05,2.036,2.099,2.356,3.045,100.89999999999999,94.59999999999997,31.999999999999986
2015-06-09,2.003,2.052,2.3,2.974,97.10000000000001,92.20000000000002,29.69999999999997
2015-06-10,2.028,2.081,2.346,3.058,102.99999999999999,97.69999999999999,31.800000000000004
2015-06-11,2.085,2.152,2.424,3.159,107.39999999999998,100.69999999999996,33.9
2015-06-12,2.042,2.081,2.336,3.024,98.20000000000002,94.30000000000001,29.400000000000006
2015-06-15,2.022,2.055,2.312,3.018,99.6,96.29999999999997,29.000000000000004
2015-06-16,1.999,2.029,2.294,3.016,101.69999999999999,98.70000000000002,29.499999999999993
2015-06-17,1.982,2.011,2.278,3.002,101.99999999999999,99.09999999999997,29.600000000000005
2015-06-18,1.903,1.906,2.17,2.86,95.69999999999999,95.39999999999999,26.69999999999999
2015-06-19,1.888,1.877,2.161,2.893,100.49999999999999,101.59999999999998,27.30000000000001
2015-06-22,1.948,1.946,2.23,2.962,101.40000000000002,101.60000000000002,28.200000000000003
2015-06-23,2.03,2.066,2.348,3.074,104.4,100.8,31.800000000000004
2015-06-24,2.018,2.055,2.336,3.059,104.10000000000004,100.4,31.800000000000004
2015-06-25,2.031,2.074,2.348,3.07,103.89999999999998,99.6,31.699999999999974
2015-06-26,2.034,2.088,2.366,3.067,103.30000000000004,97.9,33.20000000000003
2015-06-29,1.984,2.012,2.275,2.966,98.20000000000002,95.40000000000002,29.099999999999994
2015-06-30,2.004,2.044,2.321,3.02,101.6,97.6,31.700000000000017
2015-07-01,1.97,2.02,2.305,3.024,105.4,100.4,33.50000000000002
2015-07-02,2.011,2.081,2.379,3.122,111.09999999999998,104.1,36.79999999999999
2015-07-03,1.958,2.031,2.324,3.082,112.39999999999999,105.09999999999997,36.59999999999999
2015-07-06,1.886,1.931,2.21,2.945,105.89999999999999,101.39999999999998,32.400000000000006
2015-07-07,1.885,1.913,2.184,2.918,103.30000000000001,100.50000000000001,29.900000000000016
2015-07-08,1.821,1.813,2.061,2.761,94.00000000000001,94.80000000000001,24.0
2015-07-09,1.877,1.87,2.123,2.822,94.5,95.19999999999999,24.600000000000023
2015-07-10,1.926,1.949,2.217,2.956,103.0,100.69999999999999,29.100000000000016
2015-07-13,1.944,1.971,2.251,3.012,106.80000000000001,104.1,30.699999999999996
2015-07-14,1.971,2.011,2.286,3.037,106.59999999999998,102.59999999999998,31.499999999999993
2015-07-15,1.981,2.022,2.296,3.049,106.79999999999998,102.70000000000002,31.49999999999997
2015-07-16,1.943,1.975,2.244,2.99,104.70000000000002,101.50000000000001,30.100000000000016
2015-07-17,1.952,1.99,2.25,2.966,101.40000000000002,97.60000000000002,29.800000000000004
2015-07-20,1.954,1.993,2.238,2.937,98.29999999999998,94.39999999999998,28.400000000000002
2015-07-21,1.951,1.996,2.246,2.952,100.1,95.6,29.499999999999993
2015-07-22,1.927,1.957,2.209,2.913,98.59999999999998,95.59999999999998,28.200000000000003
2015-07-23,1.907,1.938,2.178,2.875,96.8,93.7,27.09999999999999
2015-07-24,1.867,1.88,2.117,2.835,96.8,95.5,25.0
2015-07-27,1.834,1.841,2.074,2.771,93.69999999999999,93.0,23.99999999999998
2015-07-28,1.861,1.872,2.101,2.78,91.89999999999998,90.79999999999997,24.0
2015-07-29,1.864,1.88,2.113,2.814,95.0,93.40000000000002,24.899999999999988
2015-07-30,1.904,1.929,2.164,2.863,95.9,93.39999999999999,26.00000000000002
2015-07-31,1.874,1.891,2.113,2.779,90.49999999999999,88.79999999999998,23.899999999999988
2015-08-03,,,,,,,
2015-08-04,1.896,1.903,2.117,2.755,85.9,85.19999999999999,22.10000000000001
2015-08-05,1.947,1.959,2.183,2.825,87.80000000000001,86.60000000000001,23.599999999999977
2015-08-06,1.947,1.959,2.187,2.845,89.80000000000001,88.60000000000001,23.99999999999998
2015-08-07,1.958,1.97,2.199,2.865,90.70000000000003,89.50000000000003,24.099999999999987
2015-08-10,1.955,1.964,2.18,2.799,84.39999999999999,83.5,22.500000000000007
2015-08-11,1.946,1.955,2.174,2.799,85.3,84.39999999999999,22.799999999999997
2015-08-12,1.888,1.87,2.081,2.686,79.80000000000001,81.59999999999998,19.300000000000004
2015-08-13,1.93,1.93,2.143,2.76,82.99999999999999,82.99999999999999,21.299999999999986
2015-08-14,1.95,1.96,2.176,2.805,85.50000000000001,84.50000000000001,22.60000000000002
2015-08-17,1.947,1.963,2.179,2.803,85.6,83.99999999999999,23.199999999999974
2015-08-18,1.921,1.933,2.149,2.763,84.19999999999999,82.99999999999999,22.799999999999997
2015-08-19,1.918,1.931,2.151,2.764,84.59999999999998,83.29999999999997,23.299999999999986
2015-08-20,1.879,1.876,2.087,2.69,81.1,81.4,20.80000000000002
2015-08-21,1.826,1.81,2.013,2.61,78.39999999999998,79.99999999999999,18.69999999999998
2015-08-24,1.741,1.712,1.918,2.521,77.99999999999999,80.89999999999999,17.69999999999998
2015-08-25,1.771,1.751,1.971,2.618,84.7,86.7,20.000000000000018
2015-08-26,1.783,1.77,2.0,2.678,89.5,90.8,21.70000000000001
2015-08-27,1.784,1.785,2.03,2.728,94.40000000000002,94.30000000000003,24.599999999999977
2015-08-28,1.811,1.813,2.056,2.754,94.30000000000001,94.10000000000001,24.50000000000001
2015-08-31,1.766,1.764,2.003,2.689,92.30000000000001,92.5,23.70000000000001
2015-09-01,1.768,1.76,1.999,2.664,89.60000000000001,90.40000000000002,23.10000000000001
2015-09-02,1.796,1.787,2.035,2.716,92.00000000000001,92.90000000000003,23.90000000000001
2015-09-03,1.777,1.77,2.017,2.711,93.39999999999999,94.09999999999998,24.0
2015-09-04,1.741,1.732,1.974,2.651,90.99999999999997,91.89999999999998,23.299999999999986
2015-09-07,1.776,1.768,2.015,2.687,91.09999999999998,91.89999999999998,23.90000000000001
2015-09-08,1.799,1.788,2.032,2.692,89.30000000000003,90.40000000000002,23.30000000000001
2015-09-09,1.854,1.85,2.099,2.764,90.99999999999997,91.39999999999998,24.50000000000001
2015-09-10,1.868,1.862,2.099,2.736,86.80000000000001,87.4,23.10000000000001
2015-09-11,1.881,1.878,2.126,2.762,88.1,88.4,24.49999999999999
2015-09-14,1.871,1.866,2.113,2.72,84.90000000000002,85.4,24.2
2015-09-15,1.869,1.863,2.102,2.706,83.7,84.3,23.299999999999986
2015-09-16,1.92,1.933,2.196,2.825,90.50000000000003,89.20000000000002,27.600000000000023
2015-09-17,1.962,1.999,2.268,2.894,93.20000000000002,89.5,30.599999999999984
2015-09-18,1.91,1.924,2.186,2.799,88.9,87.5,27.6
2015-09-21,1.901,1.904,2.158,2.746,84.5,84.2,25.69999999999999
2015-09-22,1.917,1.936,2.19,2.78,86.29999999999998,84.39999999999999,27.29999999999999
2015-09-23,1.88,1.889,2.13,2.697,81.70000000000002,80.80000000000001,25.0
2015-09-24,1.857,1.861,2.102,2.687,82.99999999999999,82.59999999999998,24.49999999999999
2015-09-25,1.887,1.902,2.142,2.722,83.5,82.0,25.49999999999999
2015-09-28,1.886,1.904,2.144,2.717,83.10000000000002,81.30000000000001,25.800000000000022
2015-09-29,1.8,1.808,2.041,2.615,81.50000000000001,80.70000000000002,24.099999999999987
2015-09-30,1.807,1.817,2.053,2.635,82.79999999999998,81.79999999999998,24.6
2015-10-01,1.824,1.835,2.068,2.65,82.59999999999998,81.5,24.4
2015-10-02,1.827,1.842,2.076,2.65,82.3,80.79999999999998,24.900000000000013
2015-10-05,,,,,,,
2015-10-06,1.813,1.823,2.057,2.637,82.4,81.4,24.4
2015-10-07,1.836,1.855,2.085,2.663,82.69999999999997,80.79999999999998,24.899999999999988
2015-10-08,1.816,1.835,2.068,2.654,83.79999999999998,81.89999999999999,25.2
2015-10-09,1.872,1.897,2.137,2.742,86.99999999999999,84.5,26.49999999999999
2015-10-12,1.874,1.904,2.143,2.742,86.79999999999998,83.80000000000001,26.89999999999997
2015-10-13,1.844,1.872,2.114,2.694,84.99999999999999,82.19999999999999,26.99999999999998
2015-10-14,1.782,1.805,2.044,2.625,84.3,82.0,26.200000000000003
2015-10-15,1.784,1.804,2.034,2.594,80.99999999999999,78.99999999999999,24.99999999999998
2015-10-16,1.782,1.814,2.049,2.63,84.79999999999998,81.59999999999998,26.69999999999999
2015-10-19,1.774,1.815,2.051,2.63,85.6,81.5,27.700000000000014
2015-10-20,1.784,1.822,2.062,2.651,86.69999999999997,82.89999999999998,27.79999999999998
2015-10-21,1.811,1.861,2.107,2.692,88.10000000000002,83.10000000000002,29.600000000000026
2015-10-22,1.801,1.84,2.085,2.66,85.90000000000002,82.0,28.400000000000002
2015-10-23,1.778,1.817,2.063,2.645,86.7,82.80000000000001,28.500000000000014
2015-10-26,1.809,1.856,2.104,2.694,88.5,83.79999999999998,29.500000000000014
2015-10-27,1.799,1.845,2.085,2.665,86.60000000000001,82.0,28.6
2015-10-28,1.73,1.776,2.017,2.609,87.9,83.3,28.699999999999992
2015-10-29,1.745,1.796,2.029,2.615,87.00000000000001,81.90000000000002,28.39999999999998
2015-10-30,1.74,1.793,2.025,2.644,90.40000000000002,85.10000000000002,28.499999999999993
2015-11-02,1.748,1.801,2.035,2.654,90.6,85.3,28.700000000000014
2015-11-03,1.817,1.868,2.104,2.714,89.7,84.59999999999998,28.700000000000014
2015-11-04,1.838,1.889,2.129,2.765,92.7,87.60000000000001,29.099999999999994
2015-11-05,1.892,1.947,2.188,2.818,92.60000000000002,87.1,29.600000000000026
2015-11-06,1.91,1.966,2.201,2.822,91.20000000000002,85.60000000000001,29.100000000000016
2015-11-09,1.995,2.068,2.309,2.936,94.09999999999998,86.79999999999998,31.400000000000006
2015-11-10,1.982,2.055,2.293,2.922,94.00000000000001,86.7,31.100000000000016
2015-11-11,1.968,2.035,2.273,2.9,93.19999999999999,86.49999999999997,30.500000000000014
2015-11-12,2.07,2.147,2.38,2.984,91.40000000000002,83.70000000000002,31.000000000000007
2015-11-13,2.074,2.149,2.38,2.99,91.60000000000004,84.10000000000002,30.600000000000005
2015-11-16,2.023,2.088,2.318,2.93,90.7,84.2,29.499999999999993
2015-11-17,2.06,2.126,2.349,2.951,89.1,82.50000000000001,28.900000000000013
2015-11-18,2.043,2.106,2.323,2.926,88.3,82.00000000000003,27.99999999999998
2015-11-19,2.061,2.126,2.342,2.952,89.1,82.60000000000001,28.100000000000016
2015-11-20,2.074,2.135,2.343,2.937,86.3,80.2,26.900000000000013
2015-11-23,2.103,2.166,2.374,2.972,86.89999999999998,80.60000000000001,27.09999999999999
2015-11-24,2.076,2.135,2.345,2.954,87.80000000000001,81.90000000000003,26.900000000000013
2015-11-25,2.043,2.107,2.314,2.909,86.59999999999997,80.19999999999996,27.09999999999999
2015-11-26,2.009,2.069,2.268,2.859,85.00000000000001,79.0,25.89999999999999
2015-11-27,2.029,2.09,2.288,2.879,85.00000000000001,78.90000000000002,25.89999999999999
2015-11-30,2.04,2.1,2.297,2.895,85.5,79.5,25.70000000000001
2015-12-01,2.049,2.109,2.299,2.876,82.69999999999999,76.69999999999999,25.0
2015-12-02,2.039,2.098,2.28,2.836,79.69999999999997,73.8,24.099999999999966
2015-12-03,2.062,2.121,2.305,2.877,81.5,75.59999999999998,24.300000000000033
2015-12-04,2.116,2.179,2.376,2.987,87.1,80.80000000000003,25.99999999999998
2015-12-07,2.118,2.181,2.378,2.988,87.00000000000001,80.69999999999999,26.00000000000002
2015-12-08,2.064,2.123,2.307,2.873,80.90000000000002,75.0,24.29999999999999
2015-12-09,2.049,2.102,2.288,2.856,80.69999999999999,75.4,23.899999999999988
2015-12-10,2.131,2.184,2.363,2.887,75.60000000000002,70.29999999999998,23.20000000000002
2015-12-11,2.112,2.165,2.347,2.89,77.8,72.50000000000001,23.499999999999986
2015-12-14,2.076,2.122,2.302,2.856,77.99999999999999,73.4,22.599999999999998
2015-12-15,2.065,2.11,2.294,2.858,79.30000000000001,74.80000000000003,22.90000000000001
2015-12-16,2.096,2.14,2.333,2.902,80.60000000000001,76.2,23.70000000000001
2015-12-17,2.067,2.109,2.305,2.88,81.29999999999997,77.1,23.799999999999997
2015-12-18,2.014,2.049,2.239,2.795,78.10000000000001,74.6,22.500000000000007
2015-12-21,2.02,2.05,2.239,2.79,77.0,74.00000000000003,21.899999999999984
2015-12-22,2.004,2.031,2.219,2.768,76.39999999999998,73.69999999999996,21.499999999999986
2015-12-23,2.02,2.042,2.238,2.812,79.19999999999999,77.0,21.799999999999997
2015-12-24,2.024,2.043,2.241,2.804,77.99999999999999,76.09999999999997,21.70000000000001
2015-12-29,1.968,1.979,2.172,2.726,75.8,74.69999999999999,20.40000000000002
2015-12-30,1.983,1.999,2.199,2.781,79.80000000000001,78.2,21.599999999999973
2015-12-31,2.016,2.032,2.242,2.859,84.3,82.69999999999999,22.599999999999998
2016-01-04,1.977,1.989,2.197,2.794,81.69999999999999,80.5,21.999999999999996
2016-01-05,1.982,1.99,2.198,2.785,80.30000000000001,79.50000000000001,21.599999999999998
2016-01-06,1.985,1.991,2.192,2.746,76.1,75.49999999999999,20.700000000000006
2016-01-07,1.945,1.946,2.142,2.694,74.89999999999999,74.8,19.699999999999985
2016-01-08,1.999,1.997,2.196,2.758,75.89999999999999,76.1,19.700000000000006
2016-01-11,1.979,1.971,2.168,2.733,75.4,76.2,18.900000000000006
2016-01-12,1.998,1.991,2.189,2.769,77.10000000000001,77.8,19.100000000000005
2016-01-13,1.992,1.983,2.179,2.744,75.20000000000002,76.10000000000001,18.69999999999998
2016-01-14,1.944,1.923,2.119,2.665,72.10000000000001,74.2,17.50000000000003
2016-01-15,1.951,1.924,2.123,2.677,72.6,75.30000000000001,17.200000000000017
2016-01-18,1.924,1.896,2.109,2.678,75.4,78.2,18.500000000000007
2016-01-19,1.932,1.908,2.123,2.698,76.6,79.0,19.10000000000003
2016-01-20,1.897,1.879,2.088,2.643,74.59999999999998,76.39999999999998,19.100000000000005
2016-01-21,1.926,1.908,2.119,2.677,75.10000000000001,76.9,19.30000000000003
2016-01-22,1.951,1.937,2.152,2.717,76.6,78.0,20.10000000000001
2016-01-25,1.945,1.935,2.155,2.721,77.60000000000001,78.60000000000001,20.999999999999975
2016-01-27,1.93,1.914,2.123,2.661,73.10000000000001,74.70000000000002,19.30000000000003
2016-01-28,1.934,1.923,2.131,2.675,74.1,75.19999999999997,19.699999999999985
2016-01-29,1.889,1.874,2.084,2.62,73.10000000000001,74.6,19.500000000000007
2016-02-01,1.878,1.862,2.073,2.606,72.8,74.39999999999998,19.500000000000007
2016-02-02,1.874,1.861,2.073,2.606,73.19999999999997,74.49999999999999,19.899999999999984
2016-02-03,1.809,1.791,2.0,2.507,69.80000000000001,71.60000000000002,19.100000000000005
2016-02-04,1.855,1.841,2.051,2.558,70.29999999999998,71.69999999999999,19.600000000000016
2016-02-05,1.846,1.832,2.038,2.533,68.69999999999999,70.09999999999998,19.199999999999974
2016-02-08,1.87,1.855,2.064,2.571,70.10000000000001,71.60000000000002,19.399999999999995
2016-02-09,1.746,1.724,1.92,2.397,65.09999999999998,67.29999999999998,17.39999999999999
2016-02-10,1.755,1.734,1.93,2.391,63.60000000000001,65.7,17.500000000000004
2016-02-11,1.745,1.717,1.908,2.361,61.60000000000001,64.4,16.299999999999983
2016-02-12,1.79,1.759,1.95,2.408,61.79999999999999,64.9,15.999999999999993
2016-02-15,1.86,1.834,2.034,2.506,64.59999999999997,67.19999999999997,17.39999999999997
2016-02-16,1.879,1.852,2.052,2.512,63.3,65.99999999999999,17.300000000000004
2016-02-17,1.853,1.822,2.023,2.473,61.999999999999986,65.09999999999998,17.000000000000014
2016-02-18,1.87,1.841,2.05,2.527,65.7,68.60000000000002,17.99999999999997
2016-02-19,1.803,1.771,1.97,2.418,61.50000000000002,64.70000000000002,16.700000000000003
2016-02-22,1.832,1.801,1.998,2.443,61.1,64.20000000000002,16.599999999999994
2016-02-23,1.8,1.77,1.965,2.408,60.79999999999999,63.79999999999999,16.500000000000004
2016-02-24,1.783,1.749,1.942,2.389,60.59999999999999,63.99999999999997,15.900000000000002
2016-02-25,1.775,1.739,1.929,2.389,61.39999999999999,64.99999999999997,15.400000000000013
2016-02-26,1.755,1.72,1.91,2.375,62.000000000000014,65.5,15.500000000000004
2016-02-29,1.762,1.731,1.921,2.389,62.699999999999974,65.79999999999997,15.900000000000002
2016-03-01,1.725,1.69,1.882,2.344,61.89999999999998,65.39999999999999,15.699999999999982
2016-03-02,1.837,1.809,2.004,2.449,61.19999999999999,63.99999999999999,16.700000000000003
2016-03-03,1.905,1.888,2.086,2.548,64.3,66.00000000000001,18.099999999999984
2016-03-04,1.92,1.905,2.095,2.543,62.300000000000026,63.80000000000001,17.50000000000003
2016-03-07,1.95,1.945,2.133,2.573,62.3,62.79999999999999,18.300000000000004
2016-03-08,1.949,1.945,2.125,2.549,59.999999999999986,60.399999999999984,17.599999999999994
2016-03-09,1.967,1.965,2.137,2.547,58.00000000000001,58.20000000000001,16.999999999999993
2016-03-10,1.96,1.962,2.144,2.583,62.300000000000026,62.10000000000002,18.400000000000016
2016-03-11,2.023,2.041,2.226,2.672,64.9,63.10000000000002,20.299999999999983
2016-03-14,2.058,2.092,2.273,2.685,62.700000000000024,59.3,21.50000000000003
2016-03-15,2.021,2.052,2.236,2.662,64.1,60.999999999999986,21.50000000000003
2016-03-16,2.007,2.034,2.217,2.627,61.999999999999964,59.3,20.999999999999996
2016-03-17,1.932,1.945,2.125,2.548,61.60000000000001,60.3,19.300000000000004
2016-03-18,1.936,1.954,2.131,2.543,60.70000000000002,58.90000000000002,19.499999999999986
2016-03-21,1.935,1.954,2.13,2.556,62.1,60.20000000000001,19.499999999999986
2016-03-22,1.97,1.993,2.172,2.595,62.50000000000002,60.20000000000001,20.200000000000017
2016-03-23,2.002,2.037,2.219,2.638,63.60000000000001,60.099999999999994,21.70000000000001
2016-03-24,1.961,1.987,2.162,2.575,61.40000000000001,58.80000000000001,20.099999999999984
2016-03-29,1.962,1.988,2.162,2.569,60.699999999999996,58.099999999999994,19.999999999999996
2016-03-30,1.905,1.921,2.089,2.49,58.50000000000002,56.90000000000002,18.399999999999995
2016-03-31,1.891,1.903,2.074,2.481,58.999999999999986,57.79999999999998,18.299999999999983
2016-04-01,1.939,1.938,2.114,2.522,58.299999999999976,58.399999999999984,17.499999999999982
2016-04-04,1.876,1.869,2.045,2.462,58.60000000000003,59.30000000000002,16.900000000000006
2016-04-05,1.871,1.859,2.031,2.447,57.60000000000001,58.80000000000001,16.000000000000014
2016-04-06,1.865,1.85,2.023,2.429,56.399999999999984,57.89999999999998,15.800000000000015
2016-04-07,1.866,1.852,2.025,2.449,58.299999999999976,59.699999999999974,15.89999999999998
2016-04-08,1.842,1.821,1.987,2.4,55.79999999999998,57.9,14.500000000000002
2016-04-11,1.846,1.82,1.989,2.405,55.89999999999997,58.49999999999997,14.3
2016-04-12,1.895,1.869,2.039,2.46,56.49999999999999,59.099999999999994,14.400000000000013
2016-04-13,1.931,1.904,2.084,2.514,58.299999999999976,60.999999999999986,15.300000000000002
2016-04-14,1.967,1.942,2.111,2.52,55.3,57.800000000000004,14.400000000000013
2016-04-15,2.002,1.976,2.148,2.554,55.2,57.79999999999998,14.600000000000035
2016-04-18,1.958,1.927,2.093,2.49,53.200000000000024,56.30000000000002,13.5
2016-04-19,2.009,1.986,2.154,2.556,54.70000000000002,57.00000000000001,14.500000000000002
2016-04-20,1.984,1.965,2.128,2.522,53.79999999999998,55.699999999999974,14.400000000000013
2016-04-21,2.018,2.01,2.178,2.59,57.2,58.00000000000001,16.000000000000014
2016-04-22,2.045,2.036,2.208,2.63,58.5,59.399999999999984,16.300000000000026
2016-04-26,2.051,2.046,2.22,2.65,59.89999999999998,60.400000000000006,16.900000000000006
2016-04-27,1.934,1.937,2.13,2.611,67.70000000000003,67.40000000000002,19.599999999999994
2016-04-28,1.866,1.869,2.056,2.516,64.99999999999999,64.7,18.999999999999993
2016-04-29,1.857,1.86,2.049,2.516,65.9,65.6,19.199999999999996
2016-05-02,1.868,1.87,2.059,2.52,65.19999999999999,64.99999999999999,19.100000000000005
2016-05-03,1.736,1.74,1.955,2.464,72.8,72.39999999999999,21.90000000000001
2016-05-04,1.717,1.724,1.936,2.43,71.30000000000001,70.60000000000002,21.899999999999984
2016-05-05,1.685,1.688,1.897,2.39,70.5,70.20000000000002,21.199999999999996
2016-05-06,1.576,1.574,1.789,2.291,71.49999999999999,71.69999999999999,21.299999999999986
2016-05-09,1.572,1.566,1.785,2.321,74.9,75.50000000000001,21.299999999999986
2016-05-10,1.583,1.578,1.795,2.301,71.80000000000003,72.30000000000001,21.199999999999996
2016-05-11,1.594,1.59,1.801,2.302,70.8,71.2,20.699999999999985
2016-05-12,1.576,1.572,1.782,2.297,72.10000000000001,72.50000000000001,20.599999999999994
2016-05-13,1.585,1.572,1.777,2.275,69.0,70.29999999999998,19.199999999999996
2016-05-16,1.568,1.552,1.757,2.233,66.5,68.10000000000001,18.899999999999984
2016-05-17,1.63,1.616,1.822,2.301,67.10000000000002,68.5,19.200000000000017
2016-05-18,1.618,1.606,1.815,2.292,67.39999999999998,68.59999999999997,19.699999999999985
2016-05-19,1.646,1.628,1.848,2.352,70.6,72.39999999999999,20.200000000000017
2016-05-20,1.628,1.605,1.817,2.306,67.80000000000001,70.10000000000001,18.900000000000006
2016-05-23,1.639,1.615,1.822,2.292,65.29999999999998,67.69999999999999,18.300000000000004
2016-05-24,1.628,1.606,1.81,2.281,65.30000000000003,67.5,18.200000000000017
2016-05-25,1.642,1.615,1.819,2.31,66.80000000000001,69.5,17.700000000000003
2016-05-26,1.623,1.596,1.795,2.281,65.80000000000001,68.5,17.199999999999992
2016-05-27,1.62,1.596,1.789,2.261,64.1,66.5,16.89999999999998
2016-05-30,1.639,1.615,1.806,2.281,64.20000000000002,66.60000000000001,16.700000000000003
2016-05-31,1.669,1.645,1.828,2.306,63.7,66.10000000000001,15.900000000000002
2016-06-01,1.671,1.643,1.819,2.297,62.60000000000001,65.40000000000002,14.79999999999999
2016-06-02,1.646,1.611,1.786,2.272,62.59999999999999,66.09999999999998,14.000000000000012
2016-06-03,1.631,1.591,1.766,2.237,60.60000000000001,64.60000000000001,13.5
2016-06-06,1.576,1.534,1.709,2.162,58.59999999999999,62.79999999999999,13.3
2016-06-07,1.653,1.606,1.777,2.199,54.59999999999998,59.299999999999976,12.399999999999988
2016-06-08,1.625,1.575,1.745,2.158,53.29999999999999,58.3,12.00000000000001
2016-06-09,1.612,1.557,1.715,2.099,48.70000000000001,54.200000000000024,10.299999999999997
2016-06-10,1.641,1.582,1.73,2.109,46.8,52.69999999999999,8.899999999999997
2016-06-14,1.609,1.55,1.687,2.055,44.600000000000016,50.500000000000014,7.800000000000007
2016-06-15,1.599,1.561,1.692,2.074,47.499999999999986,51.29999999999999,9.299999999999997
2016-06-16,1.552,1.51,1.636,2.011,45.900000000000006,50.10000000000001,8.399999999999984
2016-06-17,1.6,1.559,1.69,2.081,48.09999999999999,52.2,8.999999999999986
2016-06-20,1.626,1.587,1.725,2.147,52.099999999999994,55.999999999999986,9.90000000000002
2016-06-21,1.664,1.627,1.763,2.166,50.2,53.89999999999999,9.899999999999999
2016-06-22,1.709,1.678,1.813,2.229,52.0,55.100000000000016,10.399999999999988
2016-06-23,1.727,1.706,1.843,2.259,53.19999999999998,55.3,11.599999999999987
2016-06-24,1.543,1.5,1.627,2.016,47.30000000000001,51.6,8.400000000000007
2016-06-27,1.584,1.548,1.673,2.063,47.900000000000006,51.500000000000014,8.899999999999997
2016-06-28,1.558,1.526,1.636,1.996,43.8,47.0,7.799999999999985
2016-06-29,1.586,1.552,1.659,2.012,42.599999999999994,46.0,7.299999999999995
2016-06-30,1.582,1.551,1.654,1.989,40.7,43.80000000000002,7.199999999999984
2016-07-01,1.556,1.521,1.624,1.961,40.5,44.000000000000014,6.800000000000006
2016-07-04,1.611,1.573,1.675,2.016,40.5,44.300000000000004,6.400000000000006
2016-07-05,1.586,1.547,1.637,1.95,36.39999999999999,40.300000000000004,5.099999999999993
2016-07-06,1.552,1.51,1.588,1.872,32.00000000000001,36.20000000000001,3.600000000000003
2016-07-07,1.556,1.51,1.585,1.876,31.999999999999986,36.59999999999999,2.8999999999999915
2016-07-08,1.576,1.532,1.605,1.89,31.399999999999984,35.79999999999999,2.8999999999999915
2016-07-11,1.598,1.553,1.624,1.91,31.19999999999998,35.699999999999996,2.6000000000000023
2016-07-12,1.623,1.572,1.656,1.953,33.00000000000001,38.1,3.299999999999992
2016-07-13,1.627,1.571,1.667,1.985,35.80000000000001,41.40000000000001,4.0000000000000036
2016-07-14,1.618,1.563,1.652,1.967,34.9,40.40000000000001,3.399999999999981
2016-07-15,1.62,1.573,1.664,1.981,36.1,40.80000000000001,4.399999999999982
2016-07-18,1.61,1.561,1.659,2.0,38.99999999999999,43.900000000000006,4.899999999999993
2016-07-19,1.552,1.504,1.597,1.93,37.79999999999999,42.599999999999994,4.499999999999993
2016-07-20,1.543,1.497,1.589,1.931,38.80000000000001,43.39999999999999,4.600000000000004
2016-07-21,1.523,1.477,1.58,1.935,41.20000000000002,45.8,5.700000000000016
2016-07-22,1.514,1.469,1.569,1.916,40.19999999999999,44.69999999999998,5.499999999999994
2016-07-25,1.525,1.478,1.58,1.923,39.80000000000001,44.50000000000001,5.500000000000016
2016-07-26,1.545,1.499,1.596,1.931,38.60000000000001,43.199999999999996,5.100000000000016
2016-07-27,1.573,1.526,1.627,1.963,39.000000000000014,43.7,5.400000000000005
2016-07-28,1.521,1.475,1.57,1.876,35.5,40.09999999999998,4.9000000000000155
2016-07-29,1.508,1.457,1.561,1.885,37.7,42.8,5.299999999999994
2016-08-01,,,,,,,
2016-08-02,1.424,1.37,1.482,1.83,40.600000000000016,46.0,5.800000000000005
2016-08-03,1.469,1.423,1.551,1.942,47.29999999999998,51.89999999999999,8.199999999999985
2016-08-04,1.474,1.431,1.566,1.957,48.30000000000001,52.6,9.200000000000008
2016-08-05,1.463,1.421,1.543,1.883,41.99999999999999,46.199999999999996,7.999999999999985
2016-08-08,1.489,1.447,1.581,1.967,47.8,52.0,9.199999999999985
2016-08-09,1.469,1.428,1.562,1.953,48.4,52.500000000000014,9.299999999999997
2016-08-10,1.429,1.388,1.514,1.882,45.29999999999998,49.4,8.499999999999996
2016-08-11,1.426,1.387,1.508,1.865,43.900000000000006,47.8,8.200000000000006
2016-08-12,1.453,1.417,1.549,1.922,46.899999999999984,50.499999999999986,9.599999999999987
2016-08-15,1.43,1.397,1.527,1.887,45.70000000000001,49.0,9.699999999999998
2016-08-16,1.415,1.387,1.519,1.893,47.8,50.6,10.399999999999988
2016-08-17,1.432,1.407,1.543,1.92,48.8,51.29999999999999,11.099999999999998
2016-08-18,1.421,1.397,1.532,1.885,46.4,48.8,11.099999999999998
2016-08-19,1.409,1.387,1.522,1.876,46.69999999999999,48.89999999999999,11.299999999999999
2016-08-22,1.439,1.417,1.554,1.92,48.09999999999999,50.29999999999999,11.5
2016-08-23,1.409,1.387,1.519,1.864,45.50000000000001,47.70000000000001,10.999999999999988
2016-08-24,1.409,1.387,1.522,1.857,44.8,47.0,11.299999999999999
2016-08-25,1.421,1.398,1.533,1.87,44.900000000000006,47.20000000000002,11.199999999999989
2016-08-26,1.432,1.408,1.541,1.869,43.7,46.10000000000001,10.899999999999999
2016-08-29,1.459,1.435,1.572,1.894,43.499999999999986,45.899999999999984,11.299999999999999
2016-08-30,1.444,1.413,1.545,1.853,40.900000000000006,43.99999999999999,10.099999999999998
2016-08-31,1.435,1.403,1.536,1.838,40.300000000000004,43.50000000000001,10.099999999999998
2016-09-01,1.458,1.422,1.556,1.858,40.000000000000014,43.600000000000016,9.800000000000008
2016-09-02,1.478,1.446,1.575,1.868,39.000000000000014,42.20000000000002,9.699999999999998
2016-09-05,1.49,1.454,1.591,1.908,41.79999999999999,45.4,10.099999999999998
2016-09-06,1.5,1.465,1.601,1.918,41.79999999999999,45.29999999999998,10.099999999999998
2016-09-07,1.467,1.432,1.559,1.843,37.59999999999999,41.1,9.199999999999985
2016-09-08,1.503,1.471,1.597,1.878,37.5,40.69999999999998,9.40000000000001
2016-09-09,1.551,1.526,1.665,1.982,43.10000000000001,45.599999999999994,11.40000000000001
2016-09-12,1.591,1.576,1.727,2.067,47.60000000000002,49.10000000000001,13.600000000000012
2016-09-13,1.579,1.593,1.747,2.079,50.00000000000002,48.60000000000002,16.800000000000015
2016-09-14,1.584,1.607,1.771,2.112,52.800000000000004,50.500000000000014,18.69999999999998
2016-09-15,1.59,1.633,1.788,2.124,53.400000000000006,49.10000000000001,19.799999999999997
2016-09-16,1.573,1.613,1.775,2.122,54.89999999999999,50.89999999999999,20.199999999999996
2016-09-19,1.615,1.647,1.804,2.133,51.800000000000004,48.6,18.900000000000006
2016-09-20,1.624,1.652,1.801,2.13,50.59999999999998,47.8,17.69999999999998
2016-09-21,1.612,1.644,1.797,2.145,53.29999999999999,50.10000000000001,18.499999999999982
2016-09-22,1.587,1.615,1.752,2.051,46.40000000000002,43.600000000000016,16.500000000000004
2016-09-23,1.601,1.616,1.735,2.014,41.29999999999998,39.79999999999997,13.400000000000013
2016-09-26,1.593,1.606,1.718,1.988,39.5,38.19999999999999,12.5
2016-09-27,1.604,1.616,1.725,1.987,38.3,37.1,12.1
2016-09-28,1.57,1.578,1.689,1.962,39.19999999999999,38.39999999999999,11.899999999999999
2016-09-29,1.58,1.579,1.69,1.988,40.79999999999999,40.900000000000006,10.999999999999988
2016-09-30,1.543,1.515,1.621,1.926,38.3,41.1,7.800000000000007
2016-10-03,,,,,,,
2016-10-04,1.6,1.58,1.701,2.041,44.09999999999998,46.09999999999999,10.099999999999998
2016-10-05,1.626,1.609,1.743,2.098,47.199999999999996,48.89999999999999,11.70000000000002
2016-10-06,1.645,1.628,1.763,2.134,48.89999999999999,50.6,11.799999999999988
2016-10-07,1.664,1.648,1.777,2.143,47.899999999999984,49.499999999999986,11.299999999999999
2016-10-10,1.675,1.668,1.798,2.158,48.29999999999999,49.0,12.3
2016-10-11,1.702,1.704,1.839,2.221,51.90000000000001,51.70000000000001,13.700000000000001
2016-10-12,1.74,1.751,1.884,2.279,53.89999999999999,52.800000000000004,14.399999999999991
2016-10-13,1.707,1.712,1.842,2.218,51.09999999999999,50.6,13.5
2016-10-14,1.727,1.74,1.867,2.237,51.0,49.70000000000001,13.99999999999999
2016-10-17,1.726,1.744,1.881,2.282,55.60000000000001,53.800000000000004,15.500000000000004
2016-10-18,1.722,1.748,1.897,2.306,58.400000000000006,55.800000000000004,17.500000000000004
2016-10-19,1.704,1.728,1.873,2.274,57.00000000000001,54.6,16.900000000000006
2016-10-20,1.652,1.695,1.855,2.263,61.1,56.79999999999998,20.300000000000008
2016-10-21,1.655,1.703,1.857,2.261,60.60000000000001,55.800000000000004,20.199999999999996
2016-10-24,1.639,1.68,1.832,2.216,57.70000000000002,53.60000000000002,19.300000000000004
2016-10-25,1.656,1.703,1.854,2.251,59.5,54.79999999999998,19.80000000000002
2016-10-26,1.686,1.732,1.878,2.244,55.800000000000026,51.200000000000024,19.199999999999996
2016-10-27,1.693,1.743,1.9,2.309,61.60000000000001,56.60000000000001,20.699999999999985
2016-10-28,1.682,1.751,1.921,2.354,67.20000000000002,60.30000000000002,23.90000000000001
2016-10-31,1.644,1.701,1.872,2.325,68.10000000000002,62.40000000000001,22.80000000000002
2016-11-01,1.673,1.728,1.902,2.36,68.69999999999999,63.19999999999999,22.899999999999988
2016-11-02,1.643,1.689,1.864,2.324,68.09999999999998,63.49999999999998,22.10000000000001
2016-11-03,1.629,1.668,1.839,2.279,64.99999999999999,61.1,20.999999999999996
2016-11-04,1.648,1.691,1.864,2.305,65.70000000000003,61.40000000000001,21.60000000000002
2016-11-07,1.657,1.699,1.876,2.325,66.80000000000001,62.60000000000001,21.899999999999984
2016-11-08,1.658,1.698,1.876,2.329,67.10000000000002,63.10000000000002,21.799999999999997
2016-11-09,1.558,1.571,1.746,2.197,63.9,62.60000000000001,18.799999999999994
2016-11-10,1.682,1.735,1.944,2.477,79.5,74.19999999999997,26.200000000000003
2016-11-11,1.711,1.77,1.989,2.542,83.09999999999998,77.19999999999997,27.800000000000004
2016-11-14,1.758,1.822,2.053,2.633,87.5,81.1,29.499999999999993
2016-11-15,1.769,1.833,2.064,2.634,86.5,80.1,29.500000000000014
2016-11-16,1.755,1.818,2.044,2.619,86.40000000000003,80.10000000000002,28.900000000000013
2016-11-17,1.713,1.777,1.996,2.544,83.1,76.70000000000002,28.29999999999999
2016-11-18,1.754,1.862,2.108,2.696,94.20000000000002,83.4,35.400000000000006
2016-11-21,1.742,1.85,2.097,2.661,91.9,81.1,35.5
2016-11-22,1.733,1.851,2.092,2.646,91.29999999999998,79.5,35.9
2016-11-23,1.752,1.879,2.141,2.679,92.69999999999999,79.99999999999999,38.9
2016-11-24,1.786,1.924,2.196,2.728,94.20000000000002,80.40000000000003,41.000000000000014
2016-11-25,1.784,1.921,2.193,2.737,95.30000000000001,81.60000000000001,40.900000000000006
2016-11-28,1.754,1.884,2.148,2.672,91.80000000000001,78.80000000000003,39.40000000000001
2016-11-29,1.773,1.904,2.159,2.68,90.70000000000003,77.60000000000002,38.59999999999999
2016-11-30,1.777,1.905,2.162,2.7,92.30000000000003,79.50000000000001,38.5
2016-12-01,1.809,1.939,2.217,2.759,95.0,81.99999999999999,40.80000000000001
2016-12-02,1.825,1.975,2.26,2.839,101.4,86.39999999999999,43.499999999999986
2016-12-05,1.797,1.934,2.215,2.772,97.49999999999999,83.79999999999998,41.79999999999999
2016-12-06,1.807,1.946,2.226,2.801,99.40000000000002,85.50000000000001,41.900000000000006
2016-12-07,1.763,1.897,2.179,2.776,101.29999999999998,87.89999999999998,41.599999999999994
2016-12-08,1.759,1.877,2.144,2.709,95.00000000000001,83.2,38.50000000000002
2016-12-09,1.794,1.919,2.2,2.794,100.0,87.5,40.600000000000016
2016-12-12,1.822,1.946,2.235,2.836,101.39999999999998,88.99999999999999,41.29999999999998
2016-12-13,1.805,1.913,2.192,2.803,99.8,88.99999999999999,38.700000000000024
2016-12-14,1.787,1.879,2.153,2.771,98.4,89.19999999999999,36.60000000000001
2016-12-15,1.845,1.956,2.244,2.847,100.2,89.1,39.90000000000003
2016-12-16,1.833,1.945,2.232,2.81,97.7,86.5,39.90000000000003
2016-12-19,1.879,1.996,2.276,2.841,96.20000000000002,84.50000000000001,39.69999999999998
2016-12-20,1.899,2.015,2.289,2.826,92.7,81.1,39.000000000000014
2016-12-21,1.905,2.026,2.292,2.801,89.60000000000001,77.50000000000003,38.69999999999998
2016-12-22,1.914,2.036,2.307,2.812,89.8,77.59999999999998,39.300000000000004
2016-12-23,1.944,2.066,2.336,2.851,90.7,78.50000000000001,39.19999999999999
2016-12-28,1.944,2.066,2.335,2.831,88.7,76.50000000000001,39.1
2016-12-29,1.89,2.01,2.272,2.758,86.80000000000001,74.80000000000003,38.19999999999999
2016-12-30,1.865,1.981,2.241,2.743,87.79999999999998,76.19999999999997,37.60000000000001
2017-01-03,1.852,1.97,2.232,2.73,87.79999999999998,76.0,38.000000000000014
2017-01-04,1.885,2.001,2.265,2.773,88.80000000000001,77.20000000000002,38.000000000000014
2017-01-05,1.85,1.962,2.223,2.723,87.29999999999998,76.1,37.299999999999976
2017-01-06,1.813,1.922,2.18,2.664,85.10000000000002,74.20000000000002,36.700000000000024
2017-01-09,1.866,1.982,2.244,2.746,87.99999999999999,76.4,37.80000000000001
2017-01-10,1.83,1.944,2.203,2.697,86.7,75.30000000000001,37.299999999999976
2017-01-11,1.829,1.943,2.203,2.714,88.5,77.1,37.39999999999999
2017-01-12,1.798,1.903,2.16,2.649,85.1,74.6,36.20000000000001
2017-01-13,1.826,1.935,2.197,2.675,84.89999999999998,73.99999999999997,37.1
2017-01-16,1.824,1.936,2.199,2.681,85.7,74.50000000000001,37.49999999999998
2017-01-17,1.833,1.948,2.207,2.679,84.59999999999998,73.1,37.39999999999999
2017-01-18,1.832,1.949,2.198,2.666,83.39999999999999,71.69999999999999,36.59999999999999
2017-01-19,1.86,1.996,2.254,2.743,88.29999999999998,74.69999999999999,39.39999999999999
2017-01-20,1.865,2.006,2.268,2.767,90.19999999999999,76.10000000000001,40.29999999999998
2017-01-23,1.85,1.988,2.246,2.743,89.29999999999998,75.49999999999999,39.599999999999994
2017-01-24,1.809,1.94,2.194,2.678,86.9,73.8,38.5
2017-01-25,1.81,1.94,2.201,2.714,90.39999999999999,77.4,39.1
2017-01-27,1.812,1.948,2.221,2.764,95.19999999999997,81.59999999999998,40.900000000000006
2017-01-30,1.79,1.919,2.186,2.71,92.0,79.1,39.599999999999994
2017-01-31,1.761,1.879,2.148,2.698,93.7,81.89999999999999,38.700000000000024
2017-02-01,1.787,1.899,2.171,2.719,93.19999999999999,81.99999999999999,38.39999999999999
2017-02-02,1.803,1.916,2.196,2.754,95.10000000000001,83.80000000000001,39.300000000000026
2017-02-03,1.827,1.946,2.223,2.779,95.19999999999999,83.3,39.599999999999994
2017-02-06,1.811,1.926,2.204,2.75,93.9,82.4,39.300000000000026
2017-02-07,1.789,1.897,2.162,2.682,89.3,78.49999999999999,37.3
2017-02-08,1.784,1.887,2.152,2.683,89.89999999999998,79.59999999999998,36.80000000000001
2017-02-09,1.76,1.858,2.116,2.628,86.80000000000001,77.0,35.60000000000001
2017-02-10,1.8,1.907,2.166,2.683,88.29999999999998,77.59999999999998,36.59999999999999
2017-02-13,1.786,1.896,2.158,2.693,90.7,79.70000000000002,37.19999999999999
2017-02-14,1.805,1.93,2.197,2.727,92.19999999999999,79.69999999999999,39.20000000000001
2017-02-15,1.838,1.978,2.267,2.777,93.9,79.90000000000002,42.899999999999984
2017-02-16,1.828,1.992,2.285,2.786,95.8,79.4,45.70000000000001
2017-02-17,1.83,1.994,2.287,2.794,96.39999999999999,80.0,45.69999999999999
2017-02-20,1.813,1.976,2.268,2.779,96.6,80.3,45.499999999999986
2017-02-21,1.825,1.987,2.28,2.789,96.40000000000002,80.2,45.499999999999986
2017-02-22,1.842,2.006,2.302,2.824,98.19999999999997,81.80000000000001,46.0
2017-02-23,1.807,1.966,2.262,2.775,96.8,80.89999999999999,45.50000000000001
2017-02-24,1.778,1.929,2.217,2.721,94.30000000000001,79.2,43.900000000000006
2017-02-27,1.784,1.92,2.205,2.702,91.8,78.2,42.1
2017-02-28,1.791,1.931,2.216,2.714,92.30000000000001,78.3,42.50000000000003
2017-03-01,1.825,1.988,2.277,2.793,96.80000000000003,80.50000000000001,45.20000000000002
2017-03-02,1.804,1.968,2.261,2.778,97.39999999999999,81.0,45.70000000000001
2017-03-03,1.808,1.977,2.271,2.798,99.0,82.1,46.29999999999998
2017-03-06,1.82,1.985,2.28,2.797,97.7,81.2,45.99999999999997
2017-03-07,1.841,2.005,2.298,2.811,97.0,80.60000000000001,45.70000000000001
2017-03-08,1.868,2.047,2.349,2.856,98.79999999999998,80.89999999999998,48.10000000000001
2017-03-09,1.89,2.081,2.39,2.922,103.20000000000003,84.10000000000002,50.00000000000002
2017-03-10,1.915,2.11,2.426,2.97,105.50000000000001,86.00000000000003,51.10000000000001
2017-03-13,1.891,2.08,2.395,2.929,103.79999999999998,84.89999999999998,50.4
2017-03-14,1.875,2.074,2.389,2.916,104.1,84.2,51.39999999999998
2017-03-15,1.879,2.074,2.394,2.912,103.3,83.80000000000001,51.500000000000014
2017-03-16,1.813,1.993,2.303,2.809,99.60000000000002,81.60000000000001,49.0
2017-03-17,1.821,2.009,2.329,2.854,103.30000000000001,84.50000000000001,50.800000000000026
2017-03-20,1.794,1.982,2.297,2.815,102.1,83.3,50.30000000000001
2017-03-21,1.789,1.973,2.286,2.802,101.30000000000001,82.89999999999999,49.70000000000001
2017-03-22,1.782,1.955,2.264,2.75,96.8,79.5,48.199999999999974
2017-03-23,1.767,1.936,2.252,2.738,97.10000000000001,80.2,48.499999999999986
2017-03-24,1.755,1.927,2.247,2.746,99.10000000000001,81.89999999999999,49.2
2017-03-27,1.74,1.901,2.216,2.703,96.29999999999998,80.19999999999999,47.60000000000002
2017-03-28,1.737,1.885,2.197,2.693,95.6,80.80000000000001,46.0
2017-03-29,1.756,1.904,2.221,2.719,96.29999999999998,81.5,46.50000000000001
2017-03-30,1.749,1.887,2.2,2.685,93.6,79.80000000000001,45.10000000000001
2017-03-31,1.757,1.898,2.209,2.691,93.39999999999999,79.3,45.20000000000002
2017-04-03,1.741,1.882,2.19,2.671,92.99999999999997,78.89999999999999,44.899999999999984
2017-04-04,1.716,1.852,2.144,2.602,88.6,74.99999999999997,42.80000000000002
2017-04-05,1.705,1.841,2.137,2.603,89.80000000000001,76.20000000000002,43.199999999999996
2017-04-06,1.686,1.814,2.105,2.577,89.1,76.29999999999998,41.900000000000006
2017-04-07,1.656,1.78,2.066,2.548,89.20000000000002,76.8,40.99999999999999
2017-04-10,1.658,1.788,2.075,2.573,91.5,78.49999999999999,41.700000000000024
2017-04-11,1.657,1.778,2.059,2.529,87.19999999999999,75.1,40.20000000000002
2017-04-12,1.644,1.761,2.038,2.5,85.60000000000001,73.9,39.39999999999999
2017-04-13,1.636,1.754,2.03,2.473,83.7,71.89999999999999,39.39999999999999
2017-04-18,1.635,1.761,2.044,2.488,85.3,72.7,40.900000000000006
2017-04-19,1.625,1.743,2.019,2.454,82.90000000000002,71.10000000000001,39.40000000000001
2017-04-20,1.651,1.775,2.056,2.504,85.3,72.9,40.5
2017-04-21,1.663,1.791,2.076,2.538,87.49999999999997,74.69999999999999,41.300000000000004
2017-04-24,1.671,1.81,2.103,2.597,92.6,78.69999999999999,43.20000000000002
2017-04-26,1.703,1.848,2.143,2.632,92.9,78.4,43.99999999999997
2017-04-27,1.689,1.831,2.123,2.613,92.39999999999999,78.2,43.40000000000002
2017-04-28,1.666,1.8,2.087,2.576,91.00000000000001,77.60000000000001,42.10000000000002
2017-05-01,1.673,1.806,2.096,2.576,90.3,77.0,42.300000000000004
2017-05-02,1.685,1.825,2.118,2.604,91.9,77.90000000000002,43.29999999999998
2017-05-03,1.681,1.817,2.107,2.591,91.00000000000001,77.40000000000002,42.600000000000016
2017-05-04,1.73,1.861,2.156,2.646,91.6,78.49999999999999,42.600000000000016
2017-05-05,1.726,1.863,2.157,2.65,92.39999999999999,78.69999999999999,43.10000000000001
2017-05-08,1.741,1.884,2.178,2.675,93.39999999999998,79.1,43.69999999999998
2017-05-09,1.741,1.884,2.182,2.686,94.49999999999999,80.2,44.09999999999998
2017-05-10,1.712,1.855,2.15,2.66,94.80000000000001,80.50000000000001,43.8
2017-05-11,1.699,1.837,2.129,2.654,95.49999999999999,81.69999999999999,42.99999999999999
2017-05-12,1.688,1.815,2.105,2.635,94.69999999999999,81.99999999999999,41.7
2017-05-15,1.664,1.786,2.07,2.593,92.9,80.69999999999999,40.599999999999994
2017-05-16,1.662,1.786,2.07,2.588,92.60000000000002,80.2,40.79999999999999
2017-05-17,1.631,1.749,2.026,2.534,90.29999999999998,78.49999999999997,39.49999999999998
2017-05-18,1.646,1.76,2.027,2.505,85.9,74.49999999999999,38.10000000000002
2017-05-19,1.627,1.741,2.005,2.482,85.50000000000001,74.10000000000001,37.79999999999999
2017-05-22,1.63,1.742,2.007,2.497,86.7,75.49999999999999,37.700000000000024
2017-05-23,1.616,1.708,1.972,2.453,83.69999999999997,74.49999999999999,35.59999999999999
2017-05-24,1.621,1.718,1.984,2.492,87.1,77.4,36.3
2017-05-25,1.599,1.69,1.951,2.447,84.80000000000001,75.70000000000002,35.20000000000001
2017-05-26,1.582,1.671,1.929,2.418,83.60000000000001,74.70000000000002,34.699999999999996
2017-05-29,1.592,1.682,1.934,2.424,83.19999999999999,74.2,34.19999999999999
2017-05-30,1.577,1.664,1.913,2.402,82.50000000000001,73.80000000000003,33.60000000000001
2017-05-31,1.558,1.646,1.893,2.396,83.79999999999998,75.0,33.5
2017-06-01,1.568,1.656,1.9,2.406,83.80000000000001,75.00000000000003,33.19999999999999
2017-06-02,1.585,1.678,1.92,2.422,83.70000000000002,74.40000000000002,33.5
2017-06-05,1.589,1.678,1.917,2.403,81.4,72.50000000000001,32.800000000000004
2017-06-06,1.57,1.658,1.894,2.383,81.3,72.50000000000001,32.399999999999984
2017-06-07,1.608,1.704,1.931,2.395,78.69999999999999,69.10000000000001,32.3
2017-06-08,1.615,1.714,1.947,2.416,80.1,70.19999999999999,33.20000000000001
2017-06-09,1.626,1.728,1.956,2.413,78.69999999999999,68.49999999999999,33.00000000000001
2017-06-13,1.625,1.727,1.952,2.412,78.69999999999999,68.49999999999999,32.699999999999996
2017-06-14,1.64,1.739,1.965,2.415,77.50000000000001,67.6,32.500000000000014
2017-06-15,1.654,1.744,1.956,2.371,71.7,62.7,30.200000000000003
2017-06-16,1.683,1.784,2.0,2.419,73.6,63.5,31.699999999999996
2017-06-19,1.693,1.795,2.011,2.42,72.69999999999999,62.5,31.800000000000004
2017-06-20,1.709,1.814,2.03,2.43,72.10000000000001,61.60000000000001,32.09999999999997
2017-06-21,1.688,1.794,2.009,2.404,71.6,60.999999999999986,32.099999999999994
2017-06-22,1.679,1.784,1.999,2.39,71.10000000000001,60.60000000000001,32.00000000000001
2017-06-23,1.68,1.785,1.999,2.385,70.49999999999999,59.999999999999986,31.900000000000016
2017-06-26,1.683,1.794,2.005,2.389,70.59999999999998,59.49999999999997,32.19999999999998
2017-06-27,1.672,1.783,1.988,2.369,69.70000000000003,58.60000000000003,31.600000000000005
2017-06-28,1.714,1.848,2.064,2.472,75.8,62.39999999999999,35.00000000000001
2017-06-29,1.726,1.883,2.104,2.52,79.4,63.7,37.80000000000001
2017-06-30,1.776,1.937,2.176,2.614,83.79999999999998,67.69999999999999,40.000000000000014
2017-07-03,1.773,1.941,2.193,2.625,85.2,68.39999999999999,42.000000000000014
2017-07-04,1.723,1.882,2.142,2.581,85.79999999999998,69.9,41.899999999999984
2017-07-05,1.734,1.898,2.159,2.588,85.4,69.00000000000001,42.499999999999986
2017-07-06,1.748,1.91,2.165,2.6,85.2,69.00000000000001,41.7
2017-07-07,1.79,1.97,2.238,2.69,89.99999999999999,72.0,44.8
2017-07-10,1.789,1.969,2.241,2.701,91.20000000000002,73.2,45.20000000000002
2017-07-11,1.812,1.992,2.26,2.713,90.10000000000001,72.10000000000001,44.799999999999976
2017-07-12,1.798,1.974,2.239,2.684,88.60000000000001,71.00000000000001,44.09999999999998
2017-07-13,1.771,1.935,2.2,2.651,87.99999999999999,71.59999999999998,42.90000000000003
2017-07-14,1.777,1.946,2.212,2.681,90.40000000000002,73.50000000000001,43.50000000000003
2017-07-17,1.79,1.956,2.223,2.697,90.7,74.10000000000001,43.29999999999998
2017-07-18,1.845,2.011,2.268,2.711,86.6,69.99999999999997,42.29999999999998
2017-07-19,1.842,2.008,2.262,2.691,84.89999999999998,68.29999999999998,41.99999999999999
2017-07-20,1.843,2.017,2.27,2.706,86.3,68.9,42.7
2017-07-21,1.776,1.949,2.208,2.666,88.99999999999999,71.69999999999999,43.20000000000002
2017-07-24,1.764,1.942,2.197,2.646,88.19999999999999,70.39999999999999,43.300000000000004
2017-07-25,1.772,1.951,2.207,2.659,88.69999999999997,70.79999999999997,43.499999999999986
2017-07-26,1.778,1.96,2.224,2.697,91.9,73.70000000000002,44.600000000000016
2017-07-27,1.753,1.925,2.185,2.658,90.5,73.29999999999998,43.20000000000002
2017-07-28,1.756,1.926,2.184,2.653,89.7,72.7,42.80000000000002
2017-07-31,1.739,1.907,2.165,2.649,90.99999999999999,74.2,42.599999999999994
2017-08-01,1.759,1.93,2.192,2.684,92.50000000000003,75.40000000000002,43.300000000000026
2017-08-02,1.753,1.922,2.185,2.677,92.40000000000002,75.50000000000001,43.20000000000002
2017-08-03,1.736,1.901,2.159,2.636,90.00000000000001,73.50000000000001,42.29999999999998
2017-08-04,1.73,1.894,2.145,2.591,86.10000000000002,69.70000000000003,41.5
2017-08-07,,,,,,,
2017-08-08,1.742,1.905,2.157,2.598,85.6,69.29999999999998,41.5
2017-08-09,1.759,1.926,2.176,2.614,85.5,68.8,41.700000000000024
2017-08-10,1.767,1.937,2.187,2.629,86.20000000000002,69.19999999999999,41.99999999999999
2017-08-11,1.726,1.887,2.133,2.561,83.5,67.39999999999999,40.7
2017-08-14,1.746,1.909,2.155,2.591,84.50000000000001,68.20000000000002,40.89999999999998
2017-08-15,1.765,1.929,2.178,2.622,85.7,69.29999999999998,41.300000000000004
2017-08-16,1.781,1.95,2.197,2.637,85.60000000000001,68.7,41.600000000000016
2017-08-17,1.773,1.941,2.185,2.617,84.4,67.6,41.20000000000002
2017-08-18,1.758,1.924,2.165,2.593,83.5,66.9,40.7
2017-08-21,1.778,1.945,2.186,2.615,83.70000000000002,67.00000000000001,40.79999999999999
2017-08-22,1.788,1.955,2.195,2.62,83.2,66.5,40.69999999999998
2017-08-23,1.807,1.976,2.216,2.649,84.2,67.30000000000001,40.90000000000003
2017-08-24,1.785,1.947,2.186,2.611,82.60000000000002,66.40000000000002,40.1
2017-08-25,1.795,1.956,2.197,2.621,82.60000000000001,66.5,40.20000000000002
2017-08-28,1.823,1.987,2.226,2.642,81.89999999999999,65.49999999999999,40.300000000000004
2017-08-29,1.805,1.96,2.194,2.603,79.80000000000003,64.30000000000003,38.9
2017-08-30,1.84,1.997,2.234,2.658,81.79999999999998,66.09999999999998,39.39999999999999
2017-08-31,1.848,2.007,2.247,2.693,84.5,68.6,39.89999999999998
2017-09-01,1.82,1.977,2.213,2.638,81.79999999999998,66.09999999999998,39.300000000000004
2017-09-04,1.799,1.949,2.183,2.605,80.60000000000001,65.6,38.39999999999999
2017-09-05,1.847,2.0,2.231,2.655,80.79999999999998,65.49999999999999,38.39999999999999
2017-09-06,1.804,1.948,2.175,2.58,77.60000000000001,63.20000000000001,37.09999999999998
2017-09-07,1.843,1.987,2.214,2.62,77.70000000000002,63.3,37.1
2017-09-08,1.825,1.958,2.175,2.561,73.6,60.3,34.999999999999986
2017-09-11,1.835,1.965,2.186,2.586,75.1,62.09999999999998,35.099999999999994
2017-09-12,1.843,1.978,2.207,2.623,78.00000000000003,64.50000000000003,36.39999999999999
2017-09-13,1.863,2.006,2.236,2.654,79.1,64.80000000000001,37.300000000000026
2017-09-14,1.887,2.047,2.292,2.71,82.3,66.29999999999998,40.49999999999998
2017-09-15,1.914,2.078,2.32,2.725,81.10000000000002,64.70000000000002,40.599999999999994
2017-09-18,1.953,2.122,2.373,2.782,82.89999999999999,66.00000000000001,42.000000000000014
2017-09-19,1.969,2.143,2.392,2.796,82.69999999999997,65.3,42.29999999999998
2017-09-20,1.974,2.151,2.401,2.811,83.7,66.00000000000001,42.69999999999998
2017-09-21,1.957,2.142,2.393,2.81,85.3,66.80000000000001,43.59999999999997
2017-09-22,1.94,2.122,2.373,2.776,83.59999999999998,65.39999999999999,43.300000000000026
2017-09-25,1.941,2.125,2.375,2.784,84.29999999999997,65.89999999999998,43.39999999999999
2017-09-26,1.926,2.107,2.357,2.756,82.99999999999999,64.89999999999996,43.10000000000003
2017-09-27,1.927,2.107,2.359,2.772,84.49999999999997,66.49999999999996,43.199999999999996
2017-09-28,1.96,2.144,2.405,2.844,88.39999999999999,69.99999999999997,44.499999999999986
2017-09-29,1.939,2.116,2.38,2.825,88.60000000000001,70.9,44.09999999999998
2017-10-02,,,,,,,
2017-10-03,1.941,2.116,2.383,2.828,88.69999999999997,71.19999999999997,44.199999999999996
2017-10-04,1.927,2.097,2.363,2.793,86.60000000000001,69.60000000000002,43.599999999999994
2017-10-05,1.895,2.059,2.326,2.768,87.29999999999998,70.89999999999996,43.10000000000001
2017-10-06,1.917,2.088,2.357,2.804,88.69999999999997,71.59999999999998,44.000000000000014
2017-10-09,1.908,2.078,2.347,2.809,90.10000000000002,73.10000000000004,43.900000000000006
2017-10-10,1.932,2.098,2.366,2.82,88.79999999999998,72.2,43.40000000000002
2017-10-11,1.935,2.099,2.363,2.805,87.00000000000001,70.6,42.8
2017-10-12,1.93,2.091,2.371,2.79,86.00000000000001,69.89999999999998,44.10000000000001
2017-10-13,1.92,2.083,2.358,2.781,86.10000000000002,69.8,43.80000000000002
2017-10-16,1.898,2.058,2.328,2.736,83.80000000000003,67.80000000000004,42.99999999999999
2017-10-17,1.905,2.068,2.339,2.752,84.69999999999997,68.39999999999998,43.39999999999999
2017-10-18,1.889,2.05,2.317,2.714,82.5,66.40000000000002,42.80000000000002
2017-10-19,1.926,2.09,2.356,2.754,82.80000000000001,66.40000000000002,42.99999999999999
2017-10-20,1.936,2.101,2.367,2.769,83.30000000000001,66.80000000000001,43.10000000000001
2017-10-23,1.943,2.102,2.373,2.79,84.7,68.80000000000001,43.000000000000014
2017-10-24,1.929,2.084,2.354,2.765,83.60000000000001,68.10000000000001,42.50000000000001
2017-10-25,1.882,2.034,2.31,2.75,86.80000000000001,71.60000000000002,42.80000000000002
2017-10-26,1.863,2.015,2.294,2.746,88.3,73.1,43.10000000000001
2017-10-27,1.872,2.027,2.307,2.766,89.39999999999999,73.89999999999999,43.499999999999986
2017-10-30,1.848,1.997,2.274,2.723,87.49999999999997,72.59999999999998,42.599999999999994
2017-10-31,1.819,1.961,2.233,2.66,84.10000000000002,69.9,41.40000000000001
2017-11-01,1.837,1.991,2.264,2.695,85.79999999999998,70.39999999999998,42.69999999999998
2017-11-02,1.82,1.963,2.228,2.647,82.69999999999997,68.39999999999998,40.80000000000001
2017-11-03,1.768,1.898,2.153,2.564,79.60000000000001,66.60000000000001,38.5
2017-11-06,1.775,1.901,2.154,2.563,78.80000000000003,66.20000000000002,37.9
2017-11-07,1.784,1.911,2.164,2.578,79.39999999999998,66.69999999999999,38.000000000000014
2017-11-08,1.794,1.924,2.169,2.569,77.49999999999999,64.5,37.5
2017-11-09,1.799,1.933,2.184,2.592,79.30000000000001,65.9,38.50000000000002
2017-11-10,1.797,1.933,2.185,2.607,81.00000000000003,67.40000000000002,38.80000000000001
2017-11-13,1.797,1.933,2.189,2.618,82.1,68.49999999999999,39.20000000000001
2017-11-14,1.839,1.984,2.239,2.653,81.4,66.9,39.99999999999999
2017-11-15,1.787,1.924,2.177,2.583,79.60000000000002,65.90000000000002,39.000000000000014
2017-11-16,1.795,1.936,2.185,2.58,78.50000000000001,64.4,39.000000000000014
2017-11-17,1.785,1.928,2.178,2.57,78.49999999999999,64.19999999999999,39.300000000000004
2017-11-20,1.776,1.919,2.165,2.541,76.49999999999999,62.19999999999999,38.9
2017-11-21,1.778,1.92,2.168,2.547,76.9,62.700000000000024,39.000000000000014
2017-11-22,1.782,1.921,2.16,2.523,74.10000000000001,60.20000000000001,37.80000000000001
2017-11-23,1.772,1.91,2.149,2.507,73.50000000000001,59.70000000000002,37.7
2017-11-24,1.775,1.911,2.148,2.503,72.80000000000003,59.20000000000001,37.300000000000026
2017-11-27,1.775,1.911,2.151,2.523,74.80000000000003,61.20000000000001,37.59999999999999
2017-11-28,1.751,1.892,2.129,2.494,74.30000000000004,60.20000000000003,37.80000000000001
2017-11-29,1.73,1.872,2.108,2.469,73.89999999999999,59.699999999999974,37.80000000000001
2017-11-30,1.751,1.902,2.14,2.499,74.80000000000003,59.70000000000002,38.90000000000002
2017-12-01,1.78,1.932,2.17,2.535,75.50000000000001,60.30000000000002,38.99999999999999
2017-12-04,1.798,1.948,2.185,2.544,74.6,59.60000000000001,38.7
2017-12-05,1.854,2.008,2.245,2.6,74.6,59.20000000000001,39.1
2017-12-06,1.796,1.944,2.173,2.509,71.29999999999998,56.49999999999999,37.7
2017-12-07,1.792,1.927,2.16,2.514,72.19999999999997,58.699999999999974,36.80000000000001
2017-12-08,1.814,1.951,2.183,2.529,71.49999999999999,57.79999999999998,36.89999999999998
2017-12-11,1.842,1.975,2.208,2.56,71.8,58.5,36.60000000000001
2017-12-12,1.839,1.966,2.198,2.523,68.40000000000002,55.70000000000002,35.9
2017-12-13,1.859,1.987,2.216,2.526,66.69999999999999,53.89999999999997,35.70000000000002
2017-12-14,1.925,2.068,2.284,2.56,63.5,49.2,35.89999999999998
2017-12-15,1.906,2.046,2.26,2.528,62.20000000000001,48.20000000000002,35.399999999999984
2017-12-18,1.926,2.072,2.286,2.534,60.79999999999999,46.199999999999974,36.00000000000001
2017-12-19,1.951,2.1,2.317,2.58,62.9,48.0,36.60000000000001
2017-12-20,1.972,2.131,2.354,2.641,66.9,51.00000000000002,38.20000000000001
2017-12-21,1.992,2.146,2.373,2.671,67.89999999999998,52.49999999999999,38.10000000000002
2017-12-22,2.018,2.171,2.398,2.716,69.80000000000004,54.500000000000036,38.000000000000036
2017-12-27,2.029,2.177,2.401,2.697,66.80000000000001,52.0,37.19999999999999
2017-12-28,2.027,2.172,2.392,2.672,64.5,50.0,36.49999999999998
2017-12-29,1.995,2.137,2.357,2.637,64.19999999999999,50.0,36.20000000000001
2018-01-02,2.007,2.154,2.371,2.662,65.49999999999999,50.8,36.39999999999999
2018-01-03,2.003,2.154,2.375,2.69,68.69999999999999,53.6,37.19999999999999
2018-01-04,1.968,2.124,2.341,2.655,68.69999999999999,53.099999999999966,37.300000000000026
2018-01-05,1.905,2.082,2.301,2.615,71.00000000000001,53.30000000000004,39.600000000000016
2018-01-08,1.921,2.093,2.309,2.625,70.39999999999999,53.2,38.80000000000001
2018-01-09,1.944,2.111,2.329,2.649,70.5,53.79999999999998,38.50000000000002
2018-01-10,1.954,2.12,2.353,2.694,74.0,57.399999999999984,39.90000000000003
2018-01-11,1.974,2.144,2.374,2.708,73.40000000000002,56.400000000000006,40.000000000000014
2018-01-12,1.96,2.136,2.374,2.728,76.80000000000003,59.20000000000001,41.40000000000001
2018-01-15,1.976,2.152,2.394,2.745,76.9,59.3,41.80000000000001
2018-01-16,1.991,2.172,2.412,2.75,75.89999999999999,57.79999999999998,42.09999999999998
2018-01-17,2.0,2.187,2.426,2.765,76.50000000000001,57.800000000000026,42.600000000000016
2018-01-18,1.989,2.215,2.453,2.791,80.19999999999999,57.60000000000001,46.39999999999998
2018-01-19,2.021,2.249,2.492,2.844,82.3,59.49999999999997,47.10000000000001
2018-01-22,2.018,2.245,2.49,2.841,82.30000000000004,59.60000000000001,47.200000000000045
2018-01-23,2.004,2.229,2.474,2.812,80.79999999999998,58.299999999999976,47.00000000000002
2018-01-24,2.002,2.222,2.465,2.809,80.70000000000005,58.70000000000002,46.30000000000001
2018-01-25,2.001,2.216,2.466,2.829,82.80000000000003,61.3,46.50000000000003
2018-01-29,2.012,2.229,2.475,2.836,82.39999999999998,60.699999999999974,46.30000000000001
2018-01-30,2.019,2.235,2.485,2.846,82.69999999999999,61.10000000000002,46.59999999999997
2018-01-31,1.963,2.165,2.421,2.798,83.5,63.3,45.799999999999976
2018-02-01,1.941,2.136,2.397,2.789,84.80000000000001,65.3,45.59999999999997
2018-02-02,1.947,2.147,2.416,2.815,86.79999999999998,66.80000000000001,46.899999999999984
2018-02-05,1.999,2.205,2.483,2.922,92.30000000000001,71.7,48.4
2018-02-06,1.956,2.138,2.401,2.808,85.19999999999999,67.0,44.499999999999986
2018-02-07,1.937,2.125,2.403,2.828,89.09999999999998,70.29999999999998,46.599999999999994
2018-02-08,1.957,2.156,2.441,2.875,91.8,71.89999999999999,48.39999999999998
2018-02-09,1.926,2.11,2.4,2.846,92.00000000000001,73.60000000000002,47.4
2018-02-12,1.952,2.135,2.432,2.896,94.39999999999999,76.10000000000001,48.0
2018-02-13,1.945,2.122,2.415,2.862,91.7,74.00000000000003,47.0
2018-02-14,1.948,2.117,2.403,2.837,88.90000000000002,72.00000000000001,45.50000000000001
2018-02-15,1.967,2.146,2.445,2.907,94.0,76.10000000000001,47.799999999999976
2018-02-16,1.983,2.154,2.45,2.912,92.89999999999998,75.8,46.70000000000001
2018-02-19,1.985,2.147,2.437,2.873,88.80000000000001,72.60000000000004,45.199999999999974
2018-02-20,2.006,2.172,2.462,2.888,88.20000000000002,71.59999999999998,45.60000000000004
2018-02-21,1.977,2.139,2.425,2.849,87.20000000000002,71.00000000000004,44.799999999999976
2018-02-22,1.969,2.126,2.416,2.861,89.20000000000002,73.50000000000003,44.69999999999998
2018-02-23,1.946,2.097,2.386,2.834,88.80000000000001,73.70000000000002,44.000000000000014
2018-02-26,1.929,2.07,2.353,2.764,83.49999999999997,69.39999999999999,42.40000000000001
2018-02-27,1.926,2.065,2.347,2.744,81.80000000000003,67.90000000000003,42.1
2018-02-28,1.97,2.111,2.393,2.796,82.59999999999998,68.49999999999996,42.29999999999998
2018-03-01,1.953,2.087,2.361,2.74,78.70000000000002,65.3,40.80000000000001
2018-03-02,1.94,2.074,2.343,2.722,78.2,64.80000000000001,40.300000000000004
2018-03-05,1.947,2.079,2.347,2.732,78.50000000000001,65.3,39.99999999999999
2018-03-06,1.986,2.124,2.395,2.806,82.0,68.19999999999999,40.900000000000006
2018-03-07,1.968,2.102,2.374,2.782,81.4,68.00000000000001,40.600000000000016
2018-03-08,1.971,2.106,2.379,2.792,82.09999999999997,68.6,40.79999999999999
2018-03-09,1.985,2.12,2.388,2.772,78.69999999999997,65.19999999999997,40.29999999999998
2018-03-12,2.014,2.149,2.42,2.809,79.50000000000004,66.00000000000001,40.600000000000016
2018-03-13,2.011,2.143,2.414,2.797,78.60000000000001,65.40000000000003,40.300000000000004
2018-03-14,1.974,2.086,2.35,2.733,75.9,64.70000000000002,37.60000000000001
2018-03-15,1.95,2.044,2.308,2.699,74.89999999999999,65.49999999999999,35.79999999999999
2018-03-16,1.953,2.051,2.313,2.684,73.10000000000001,63.3,36.00000000000001
2018-03-19,1.964,2.063,2.325,2.697,73.30000000000001,63.39999999999999,36.10000000000002
2018-03-20,1.977,2.078,2.341,2.692,71.50000000000001,61.400000000000034,36.40000000000001
2018-03-21,2.002,2.112,2.365,2.692,69.00000000000004,58.00000000000001,36.30000000000004
2018-03-22,2.04,2.156,2.4,2.696,65.60000000000001,54.0,35.999999999999986
2018-03-23,2.011,2.11,2.346,2.644,63.3,53.40000000000003,33.5
2018-03-26,2.031,2.109,2.35,2.658,62.699999999999974,54.89999999999999,31.899999999999995
2018-03-27,2.023,2.111,2.355,2.65,62.699999999999974,53.89999999999997,33.19999999999999
2018-03-28,1.967,2.058,2.295,2.585,61.79999999999999,52.70000000000002,32.79999999999998
2018-03-29,2.001,2.094,2.318,2.598,59.699999999999996,50.4,31.700000000000017
2018-04-03,2.027,2.117,2.333,2.602,57.49999999999997,48.499999999999986,30.600000000000005
2018-04-04,2.054,2.146,2.357,2.629,57.500000000000014,48.30000000000001,30.30000000000004
2018-04-05,2.035,2.134,2.363,2.66,62.5,52.60000000000002,32.79999999999998
2018-04-06,2.021,2.123,2.35,2.652,63.10000000000002,52.89999999999999,32.90000000000002
2018-04-09,2.018,2.119,2.345,2.669,65.10000000000002,54.999999999999986,32.70000000000004
2018-04-10,2.033,2.135,2.366,2.699,66.6,56.400000000000006,33.30000000000002
2018-04-11,2.025,2.135,2.362,2.675,64.99999999999999,54.0,33.70000000000002
2018-04-12,2.026,2.126,2.35,2.66,63.400000000000034,53.40000000000003,32.40000000000003
2018-04-13,2.071,2.177,2.408,2.731,65.99999999999997,55.399999999999984,33.699999999999974
2018-04-16,2.092,2.199,2.428,2.742,64.99999999999999,54.30000000000001,33.59999999999999
2018-04-17,2.118,2.223,2.451,2.761,64.30000000000003,53.800000000000026,33.30000000000002
2018-04-18,2.114,2.218,2.445,2.746,63.20000000000001,52.800000000000004,33.099999999999994
2018-04-19,2.11,2.226,2.46,2.78,67.0,55.399999999999984,35.00000000000001
2018-04-20,2.098,2.22,2.466,2.804,70.6,58.39999999999996,36.80000000000003
2018-04-23,2.129,2.261,2.511,2.863,73.4,60.19999999999999,38.20000000000001
2018-04-24,2.103,2.23,2.485,2.836,73.29999999999997,60.59999999999999,38.19999999999997
2018-04-26,2.11,2.238,2.503,2.86,75.0,62.19999999999999,39.300000000000026
2018-04-27,2.083,2.214,2.476,2.821,73.8,60.70000000000002,39.29999999999998
2018-04-30,2.047,2.173,2.428,2.767,71.99999999999997,59.399999999999984,38.09999999999998
2018-05-01,2.048,2.173,2.423,2.754,70.6,58.099999999999994,37.5
2018-05-02,2.052,2.181,2.436,2.794,74.2,61.3,38.39999999999999
2018-05-03,2.051,2.186,2.444,2.807,75.59999999999998,62.1,39.29999999999998
2018-05-04,2.032,2.167,2.421,2.769,73.70000000000002,60.20000000000003,38.89999999999998
2018-05-07,2.019,2.153,2.406,2.754,73.49999999999999,60.099999999999994,38.7
2018-05-08,2.016,2.149,2.385,2.739,72.29999999999998,58.999999999999986,36.89999999999998
2018-05-09,2.021,2.163,2.406,2.778,75.70000000000002,61.50000000000002,38.50000000000002
2018-05-10,2.019,2.158,2.402,2.773,75.4,61.50000000000002,38.3
2018-05-11,2.016,2.153,2.399,2.779,76.29999999999998,62.59999999999999,38.3
2018-05-14,2.001,2.144,2.389,2.769,76.80000000000003,62.5,38.79999999999999
2018-05-15,2.041,2.194,2.438,2.826,78.50000000000001,63.20000000000001,39.700000000000024
2018-05-16,2.061,2.218,2.469,2.881,81.99999999999999,66.29999999999998,40.79999999999999
2018-05-17,2.065,2.24,2.496,2.922,85.70000000000002,68.19999999999999,43.10000000000001
2018-05-18,2.059,2.222,2.482,2.902,84.3,68.00000000000001,42.300000000000004
2018-05-21,2.051,2.21,2.469,2.886,83.5,67.60000000000002,41.79999999999997
2018-05-22,2.049,2.199,2.455,2.862,81.30000000000001,66.30000000000003,40.600000000000016
2018-05-23,2.047,2.191,2.444,2.838,79.1,64.70000000000002,39.69999999999998
2018-05-24,2.034,2.172,2.421,2.804,77.0,63.19999999999997,38.7
2018-05-25,2.018,2.159,2.403,2.785,76.70000000000003,62.60000000000004,38.50000000000002
2018-05-28,2.007,2.142,2.381,2.752,74.49999999999997,60.999999999999986,37.39999999999996
2018-05-29,1.993,2.116,2.343,2.684,69.10000000000001,56.800000000000004,34.999999999999986
2018-05-30,1.98,2.094,2.312,2.645,66.5,55.100000000000016,33.19999999999999
2018-05-31,1.992,2.098,2.321,2.669,67.7,57.100000000000016,32.90000000000002
2018-06-01,2.025,2.122,2.349,2.699,67.39999999999999,57.699999999999996,32.40000000000003
2018-06-04,2.069,2.173,2.395,2.73,66.10000000000001,55.699999999999996,32.60000000000001
2018-06-05,2.056,2.163,2.388,2.725,66.9,56.20000000000003,33.19999999999999
2018-06-06,2.088,2.193,2.418,2.761,67.30000000000001,56.800000000000004,33.00000000000001
2018-06-07,2.113,2.232,2.469,2.842,72.9,60.999999999999986,35.59999999999999
2018-06-08,2.069,2.182,2.414,2.776,70.69999999999999,59.399999999999984,34.50000000000002
2018-06-12,2.087,2.195,2.432,2.804,71.69999999999996,60.9,34.49999999999997
2018-06-13,2.073,2.181,2.417,2.776,70.29999999999998,59.49999999999997,34.399999999999984
2018-06-14,2.049,2.141,2.374,2.724,67.50000000000003,58.30000000000002,32.500000000000014
2018-06-15,2.034,2.124,2.353,2.694,66.00000000000001,56.999999999999986,31.90000000000004
2018-06-18,2.021,2.11,2.335,2.671,64.99999999999999,56.099999999999994,31.400000000000006
2018-06-19,2.017,2.084,2.3,2.621,60.400000000000006,53.69999999999999,28.29999999999999
2018-06-20,2.055,2.118,2.332,2.653,59.79999999999998,53.500000000000014,27.699999999999967
2018-06-21,2.067,2.134,2.349,2.673,60.59999999999999,53.90000000000001,28.200000000000003
2018-06-22,2.039,2.105,2.32,2.649,60.999999999999986,54.400000000000006,28.09999999999997
2018-06-25,2.036,2.103,2.315,2.63,59.399999999999984,52.69999999999997,27.89999999999999
2018-06-26,2.034,2.1,2.312,2.641,60.70000000000002,54.099999999999994,27.800000000000004
2018-06-27,2.022,2.09,2.302,2.626,60.400000000000006,53.6,28.000000000000025
2018-06-28,2.003,2.069,2.282,2.616,61.3,54.70000000000002,27.89999999999999
2018-06-29,2.001,2.069,2.285,2.63,62.9,56.099999999999994,28.400000000000027
2018-07-02,1.969,2.036,2.248,2.593,62.39999999999999,55.699999999999996,27.900000000000013
2018-07-03,1.982,2.056,2.268,2.613,63.1,55.699999999999996,28.59999999999998
2018-07-04,1.978,2.052,2.257,2.584,60.60000000000001,53.2,27.900000000000013
2018-07-05,1.975,2.052,2.261,2.594,61.89999999999998,54.19999999999998,28.6
2018-07-06,1.994,2.073,2.283,2.624,63.000000000000014,55.100000000000016,28.89999999999999
2018-07-09,1.992,2.061,2.269,2.61,61.79999999999999,54.89999999999999,27.700000000000014
2018-07-10,2.021,2.089,2.297,2.632,61.10000000000002,54.30000000000001,27.600000000000023
2018-07-11,1.99,2.056,2.265,2.607,61.700000000000024,55.100000000000016,27.500000000000014
2018-07-12,2.0,2.063,2.274,2.628,62.80000000000001,56.49999999999999,27.400000000000002
2018-07-13,2.011,2.071,2.278,2.63,61.89999999999998,55.89999999999997,26.69999999999999
2018-07-16,2.015,2.072,2.279,2.635,61.999999999999964,56.29999999999997,26.399999999999977
2018-07-17,2.037,2.102,2.308,2.656,61.90000000000002,55.40000000000003,27.09999999999999
2018-07-18,2.038,2.1,2.298,2.636,59.80000000000003,53.6,26.00000000000002
2018-07-19,2.074,2.135,2.328,2.656,58.20000000000003,52.10000000000004,25.4
2018-07-20,2.05,2.106,2.293,2.616,56.60000000000003,51.00000000000002,24.300000000000033
2018-07-23,2.069,2.134,2.329,2.669,60.00000000000001,53.500000000000014,26.00000000000002
2018-07-24,2.086,2.158,2.36,2.718,63.20000000000001,56.00000000000001,27.400000000000002
2018-07-25,2.058,2.123,2.321,2.679,62.1,55.59999999999996,26.300000000000033
2018-07-26,2.036,2.103,2.304,2.684,64.80000000000001,58.099999999999994,26.79999999999998
2018-07-27,2.016,2.079,2.278,2.644,62.80000000000001,56.49999999999999,26.200000000000003
2018-07-30,2.027,2.09,2.287,2.649,62.19999999999999,55.90000000000002,25.99999999999998
2018-07-31,2.037,2.1,2.295,2.649,61.20000000000001,54.89999999999999,25.8
2018-08-01,2.05,2.119,2.32,2.688,63.80000000000003,56.89999999999999,27.0
2018-08-02,2.063,2.134,2.34,2.729,66.6,59.50000000000002,27.699999999999967
2018-08-03,2.07,2.139,2.344,2.724,65.40000000000003,58.50000000000004,27.400000000000002
2018-08-06,,,,,,,
2018-08-07,2.033,2.097,2.295,2.656,62.300000000000026,55.90000000000002,26.200000000000003
2018-08-08,2.041,2.108,2.308,2.676,63.50000000000002,56.800000000000004,26.69999999999999
2018-08-09,2.016,2.08,2.279,2.652,63.60000000000001,57.2,26.29999999999999
2018-08-10,1.976,2.032,2.226,2.588,61.20000000000001,55.60000000000001,25.0
2018-08-13,1.983,2.039,2.227,2.579,59.60000000000001,54.0,24.399999999999977
2018-08-14,1.983,2.035,2.226,2.589,60.59999999999999,55.399999999999984,24.29999999999999
2018-08-15,1.984,2.028,2.221,2.581,59.699999999999996,55.3,23.70000000000001
2018-08-16,1.978,2.032,2.21,2.556,57.800000000000004,52.400000000000006,23.2
2018-08-17,1.976,2.026,2.201,2.545,56.89999999999999,51.90000000000001,22.500000000000007
2018-08-20,1.976,2.02,2.195,2.525,54.89999999999999,50.499999999999986,21.899999999999984
2018-08-21,1.991,2.039,2.212,2.536,54.49999999999999,49.69999999999999,22.10000000000001
2018-08-22,1.988,2.034,2.207,2.541,55.3,50.70000000000001,21.899999999999984
2018-08-23,1.968,2.014,2.193,2.531,56.30000000000002,51.70000000000003,22.500000000000007
2018-08-24,1.976,2.029,2.207,2.535,55.90000000000002,50.60000000000002,23.099999999999987
2018-08-27,1.986,2.043,2.221,2.54,55.400000000000006,49.69999999999999,23.50000000000001
2018-08-28,1.988,2.051,2.232,2.56,57.2,50.89999999999999,24.40000000000002
2018-08-29,1.964,2.018,2.203,2.549,58.5,53.100000000000016,23.899999999999988
2018-08-30,1.982,2.029,2.214,2.569,58.699999999999996,54.0,23.2
2018-08-31,1.96,1.994,2.174,2.52,56.00000000000001,52.6,21.4
2018-09-03,1.959,1.983,2.161,2.52,56.099999999999994,53.69999999999999,20.199999999999996
2018-09-04,1.973,1.998,2.172,2.524,55.099999999999994,52.6,19.900000000000006
2018-09-05,1.99,2.021,2.199,2.549,55.89999999999999,52.800000000000004,20.899999999999984
2018-09-06,1.986,2.011,2.191,2.564,57.800000000000004,55.3,20.499999999999986
2018-09-07,1.975,1.998,2.173,2.546,57.09999999999997,54.79999999999998,19.799999999999997
2018-09-10,1.993,2.017,2.192,2.576,58.3,55.90000000000002,19.900000000000006
2018-09-11,1.997,2.022,2.194,2.581,58.399999999999984,55.90000000000002,19.699999999999985
2018-09-12,1.996,2.021,2.197,2.586,58.999999999999986,56.49999999999999,20.10000000000001
2018-09-13,2.021,2.052,2.221,2.604,58.30000000000002,55.2,20.000000000000018
2018-09-14,2.011,2.039,2.209,2.603,59.20000000000001,56.400000000000006,19.799999999999997
2018-09-17,2.015,2.045,2.222,2.623,60.80000000000001,57.800000000000026,20.699999999999985
2018-09-18,2.051,2.085,2.263,2.661,60.999999999999986,57.60000000000001,21.199999999999974
2018-09-19,2.098,2.142,2.325,2.71,61.20000000000001,56.800000000000004,22.70000000000003
2018-09-20,2.096,2.149,2.335,2.716,62.000000000000014,56.70000000000002,23.899999999999988
2018-09-21,2.074,2.126,2.317,2.701,62.700000000000024,57.500000000000014,24.300000000000033
2018-09-24,2.074,2.127,2.323,2.706,63.20000000000001,57.90000000000002,24.900000000000013
2018-09-25,2.09,2.148,2.352,2.751,66.10000000000001,60.299999999999976,26.200000000000003
2018-09-26,2.068,2.123,2.329,2.735,66.69999999999999,61.19999999999997,26.100000000000012
2018-09-27,2.033,2.097,2.304,2.69,65.7,59.3,27.09999999999999
2018-09-28,2.017,2.075,2.289,2.671,65.39999999999999,59.599999999999966,27.200000000000024
2018-10-01,,,,,,,
2018-10-02,1.993,2.055,2.28,2.67,67.69999999999999,61.49999999999998,28.69999999999997
2018-10-03,1.957,2.023,2.248,2.641,68.39999999999999,61.79999999999999,29.100000000000016
2018-10-04,1.981,2.058,2.29,2.711,72.99999999999997,65.3,30.899999999999995
2018-10-05,1.977,2.053,2.283,2.716,73.9,66.30000000000003,30.599999999999984
2018-10-08,2.008,2.093,2.323,2.771,76.29999999999998,67.8,31.499999999999993
2018-10-09,2.024,2.109,2.332,2.771,74.69999999999999,66.19999999999999,30.799999999999983
2018-10-10,2.024,2.105,2.323,2.752,72.79999999999998,64.69999999999997,29.89999999999999
2018-10-11,2.014,2.076,2.293,2.728,71.40000000000003,65.20000000000002,27.900000000000034
2018-10-12,2.038,2.101,2.319,2.748,71.00000000000004,64.70000000000002,28.100000000000016
2018-10-15,2.022,2.078,2.292,2.688,66.60000000000004,61.00000000000003,27.0
2018-10-16,2.027,2.083,2.299,2.708,68.10000000000001,62.5,27.19999999999998
2018-10-17,2.014,2.07,2.285,2.699,68.5,62.9,27.100000000000037
2018-10-18,2.035,2.104,2.319,2.723,68.79999999999997,61.89999999999998,28.39999999999998
2018-10-19,2.016,2.076,2.286,2.679,66.29999999999998,60.299999999999976,27.0
2018-10-22,2.022,2.085,2.298,2.699,67.7,61.39999999999999,27.600000000000023
2018-10-23,2.006,2.066,2.279,2.675,66.9,60.9,27.30000000000001
2018-10-24,1.998,2.056,2.268,2.656,65.80000000000001,60.00000000000001,26.99999999999998
2018-10-25,1.981,2.031,2.236,2.608,62.7,57.699999999999996,25.50000000000001
2018-10-26,1.984,2.027,2.226,2.594,60.999999999999986,56.699999999999974,24.2
2018-10-29,1.967,2.006,2.2,2.565,59.79999999999998,55.90000000000002,23.30000000000001
2018-10-30,1.961,2.01,2.209,2.58,61.9,57.00000000000003,24.8
2018-10-31,1.97,2.03,2.233,2.625,65.5,59.50000000000002,26.30000000000001
2018-11-01,1.996,2.059,2.264,2.645,64.9,58.59999999999999,26.79999999999998
2018-11-02,2.018,2.097,2.304,2.695,67.7,59.79999999999998,28.6
2018-11-05,2.044,2.126,2.34,2.74,69.60000000000002,61.400000000000034,29.59999999999998
2018-11-06,2.039,2.122,2.333,2.725,68.6,60.30000000000002,29.400000000000006
2018-11-07,2.039,2.12,2.333,2.724,68.5,60.400000000000006,29.400000000000006
2018-11-08,2.069,2.157,2.372,2.757,68.80000000000001,60.00000000000001,30.299999999999994
2018-11-09,2.076,2.161,2.375,2.757,68.10000000000001,59.60000000000001,29.89999999999999
2018-11-12,2.072,2.153,2.366,2.738,66.6,58.5,29.400000000000006
2018-11-13,2.063,2.138,2.351,2.729,66.6,59.10000000000002,28.799999999999983
2018-11-14,2.049,2.124,2.332,2.699,64.99999999999999,57.49999999999997,28.29999999999999
2018-11-15,2.073,2.154,2.358,2.714,64.1,56.00000000000001,28.500000000000014
2018-11-16,2.052,2.129,2.331,2.675,62.299999999999976,54.59999999999998,27.89999999999999
2018-11-19,2.04,2.115,2.316,2.661,62.1,54.59999999999998,27.59999999999998
2018-11-20,2.055,2.13,2.336,2.692,63.7,56.20000000000003,28.09999999999997
2018-11-21,2.046,2.12,2.328,2.687,64.1,56.699999999999974,28.200000000000003
2018-11-22,2.038,2.11,2.315,2.663,62.5,55.3,27.700000000000014
2018-11-23,2.031,2.102,2.305,2.648,61.7,54.60000000000002,27.400000000000002
2018-11-26,2.019,2.087,2.289,2.633,61.39999999999999,54.59999999999998,27.0
2018-11-27,2.021,2.088,2.288,2.633,61.20000000000001,54.49999999999999,26.69999999999999
2018-11-28,2.018,2.083,2.283,2.618,60.00000000000001,53.49999999999997,26.500000000000014
2018-11-29,2.005,2.068,2.268,2.599,59.400000000000034,53.100000000000016,26.29999999999999
2018-11-30,1.992,2.055,2.255,2.589,59.699999999999996,53.39999999999998,26.29999999999999
2018-12-03,1.999,2.065,2.268,2.614,61.49999999999998,54.89999999999999,26.89999999999997
2018-12-04,1.975,2.023,2.215,2.529,55.399999999999984,50.59999999999998,23.99999999999998
2018-12-05,1.96,1.988,2.171,2.499,53.90000000000001,51.10000000000001,21.099999999999987
2018-12-06,1.92,1.933,2.118,2.449,52.89999999999999,51.59999999999998,19.799999999999997
2018-12-07,1.913,1.924,2.11,2.444,53.099999999999994,52.0,19.699999999999985
2018-12-10,1.92,1.923,2.104,2.439,51.90000000000001,51.6,18.400000000000016
2018-12-11,1.942,1.947,2.127,2.454,51.200000000000024,50.70000000000001,18.499999999999982
2018-12-12,1.946,1.948,2.12,2.449,50.29999999999999,50.09999999999999,17.400000000000016
2018-12-13,1.985,1.982,2.15,2.466,48.10000000000001,48.40000000000002,16.499999999999982
2018-12-14,1.978,1.972,2.136,2.463,48.50000000000001,49.10000000000001,15.800000000000015
2018-12-17,1.969,1.958,2.116,2.443,47.4,48.50000000000001,14.700000000000003
2018-12-18,1.946,1.925,2.079,2.418,47.20000000000002,49.30000000000001,13.300000000000022
2018-12-19,1.937,1.9,2.047,2.383,44.599999999999994,48.30000000000001,11.00000000000001
2018-12-20,1.921,1.865,2.006,2.341,42.000000000000014,47.60000000000002,8.499999999999975
2018-12-21,1.964,1.899,2.043,2.387,42.300000000000004,48.8,7.900000000000018
2018-12-24,1.932,1.86,2.007,2.362,43.000000000000014,50.2,7.500000000000018
2018-12-27,1.941,1.879,2.028,2.378,43.7,49.90000000000001,8.699999999999996
2018-12-28,1.924,1.862,2.018,2.361,43.70000000000003,49.90000000000001,9.399999999999986
2018-12-31,1.885,1.826,1.983,2.317,43.20000000000002,49.10000000000001,9.800000000000008
2019-01-02,1.852,1.79,1.944,2.287,43.499999999999986,49.69999999999999,9.199999999999985
2019-01-03,1.791,1.721,1.864,2.173,38.20000000000001,45.199999999999996,7.300000000000018
2019-01-04,1.834,1.76,1.907,2.234,39.99999999999999,47.4,7.299999999999995
2019-01-07,1.849,1.78,1.934,2.269,42.000000000000014,48.90000000000001,8.499999999999996
2019-01-08,1.87,1.806,1.955,2.301,43.10000000000001,49.500000000000014,8.499999999999996
2019-01-09,1.884,1.826,1.971,2.325,44.10000000000003,49.90000000000001,8.700000000000019
2019-01-10,1.875,1.816,1.959,2.315,43.99999999999999,49.89999999999999,8.400000000000007
2019-01-11,1.869,1.81,1.953,2.306,43.7,49.6,8.400000000000007
2019-01-14,1.846,1.781,1.924,2.27,42.39999999999999,48.90000000000001,7.799999999999985
2019-01-15,1.859,1.796,1.936,2.285,42.600000000000016,48.90000000000001,7.699999999999996
2019-01-16,1.845,1.782,1.917,2.271,42.599999999999994,48.89999999999999,7.200000000000006
2019-01-17,1.846,1.778,1.911,2.277,43.10000000000001,49.90000000000001,6.499999999999995
2019-01-18,1.867,1.806,1.938,2.311,44.39999999999999,50.499999999999986,7.099999999999995
2019-01-21,1.869,1.806,1.935,2.308,43.899999999999984,50.199999999999974,6.600000000000006
2019-01-22,1.867,1.805,1.929,2.298,43.10000000000001,49.30000000000001,6.2000000000000055
2019-01-23,1.853,1.787,1.905,2.278,42.50000000000001,49.10000000000001,5.200000000000005
2019-01-24,1.823,1.756,1.877,2.268,44.499999999999986,51.19999999999998,5.400000000000005
2019-01-25,1.784,1.71,1.824,2.208,42.40000000000001,49.800000000000026,4.0000000000000036
2019-01-29,1.793,1.72,1.839,2.228,43.50000000000003,50.800000000000026,4.600000000000004
2019-01-30,1.826,1.755,1.866,2.239,41.29999999999998,48.4,4.0000000000000036
2019-01-31,1.819,1.75,1.858,2.238,41.900000000000006,48.8,3.9000000000000146
2019-02-01,1.805,1.736,1.832,2.203,39.79999999999999,46.69999999999999,2.7000000000000135
2019-02-04,1.818,1.749,1.847,2.228,41.000000000000014,47.900000000000006,2.8999999999999915
2019-02-05,1.828,1.764,1.861,2.243,41.49999999999998,47.899999999999984,3.299999999999992
2019-02-06,1.745,1.662,1.76,2.18,43.50000000000001,51.800000000000026,1.4999999999999902
2019-02-07,1.73,1.649,1.731,2.145,41.5,49.6,0.10000000000001119
2019-02-08,1.694,1.615,1.69,2.101,40.7,48.6,-0.40000000000000036
2019-02-11,1.699,1.623,1.687,2.06,36.1,43.7,-1.200000000000001
2019-02-12,1.729,1.659,1.732,2.114,38.49999999999998,45.499999999999986,0.29999999999998916
2019-02-13,1.755,1.687,1.766,2.149,39.40000000000001,46.199999999999996,1.100000000000012
2019-02-14,1.76,1.692,1.766,2.144,38.40000000000001,45.20000000000002,0.6000000000000005
2019-02-15,1.733,1.662,1.731,2.099,36.60000000000001,43.70000000000003,-0.20000000000000018
2019-02-18,1.764,1.689,1.76,2.139,37.49999999999998,44.99999999999997,-0.40000000000000036
2019-02-19,1.759,1.683,1.752,2.133,37.40000000000001,44.99999999999999,-0.6999999999999895
2019-02-20,1.721,1.646,1.713,2.099,37.80000000000001,45.300000000000026,-0.8000000000000007
2019-02-21,1.667,1.593,1.662,2.054,38.69999999999998,46.09999999999999,-0.5000000000000115
2019-02-22,1.706,1.636,1.708,2.094,38.79999999999999,45.8,0.20000000000000018
2019-02-25,1.722,1.653,1.721,2.084,36.20000000000001,43.10000000000001,-0.09999999999998899
2019-02-26,1.721,1.653,1.723,2.089,36.79999999999999,43.599999999999994,0.20000000000000018
2019-02-27,1.701,1.633,1.706,2.07,36.89999999999998,43.69999999999998,0.49999999999998934
2019-02-28,1.697,1.628,1.71,2.099,40.20000000000002,47.10000000000003,1.29999999999999
2019-03-01,1.738,1.671,1.758,2.149,41.1,47.8,2.0000000000000018
2019-03-04,1.751,1.69,1.783,2.188,43.70000000000003,49.800000000000026,3.200000000000003
2019-03-05,1.726,1.66,1.749,2.153,42.7,49.30000000000001,2.300000000000013
2019-03-06,1.666,1.595,1.683,2.092,42.600000000000016,49.70000000000001,1.7000000000000126
2019-03-07,1.676,1.61,1.69,2.082,40.599999999999994,47.199999999999974,1.4000000000000012
2019-03-08,1.658,1.586,1.656,2.029,37.1,44.29999999999998,-0.20000000000000018
2019-03-11,1.664,1.596,1.661,2.029,36.5,43.29999999999998,-0.29999999999998916
2019-03-12,1.665,1.599,1.662,2.031,36.60000000000001,43.20000000000002,-0.30000000000001137
2019-03-13,1.6,1.535,1.598,1.961,36.1,42.600000000000016,-0.20000000000000018
2019-03-14,1.587,1.522,1.588,1.971,38.40000000000001,44.900000000000006,0.10000000000001119
2019-03-15,1.595,1.536,1.601,1.977,38.20000000000001,44.10000000000001,0.6000000000000005
2019-03-18,1.606,1.547,1.609,1.982,37.59999999999999,43.50000000000001,0.29999999999998916
2019-03-19,1.567,1.502,1.561,1.931,36.40000000000001,42.900000000000006,-0.6000000000000005
2019-03-20,1.553,1.489,1.551,1.935,38.20000000000001,44.599999999999994,-0.20000000000000018
2019-03-21,1.534,1.464,1.521,1.877,34.3,41.300000000000004,-1.3000000000000123
2019-03-22,1.503,1.434,1.489,1.832,32.90000000000002,39.80000000000001,-1.399999999999979
2019-03-25,1.477,1.403,1.45,1.778,30.099999999999994,37.5,-2.7000000000000135
2019-03-26,1.517,1.44,1.485,1.823,30.600000000000005,38.3,-3.1999999999999806
2019-03-27,1.483,1.397,1.435,1.774,29.099999999999994,37.7,-4.800000000000004
2019-03-28,1.462,1.374,1.408,1.724,26.200000000000003,34.999999999999986,-5.400000000000005
2019-03-29,1.469,1.394,1.435,1.773,30.399999999999984,37.9,-3.400000000000003
2019-04-01,1.485,1.413,1.458,1.8,31.499999999999993,38.7,-2.7000000000000135
2019-04-02,1.452,1.378,1.429,1.808,35.60000000000001,43.000000000000014,-2.299999999999991
2019-04-03,1.462,1.406,1.465,1.837,37.5,43.10000000000001,0.30000000000001137
2019-04-04,1.494,1.44,1.505,1.891,39.7,45.10000000000001,1.0999999999999899
2019-04-05,1.506,1.455,1.52,1.901,39.5,44.599999999999994,1.4000000000000012
2019-04-08,1.48,1.43,1.494,1.871,39.1,44.10000000000001,1.4000000000000012
2019-04-09,1.487,1.432,1.501,1.897,40.99999999999999,46.50000000000001,1.399999999999979
2019-04-10,1.491,1.436,1.502,1.871,37.999999999999986,43.50000000000001,1.0999999999999899
2019-04-11,1.489,1.435,1.5,1.856,36.7,42.1,1.0999999999999899
2019-04-12,1.496,1.443,1.514,1.882,38.59999999999999,43.899999999999984,1.8000000000000016
2019-04-15,1.528,1.483,1.561,1.95,42.199999999999996,46.69999999999999,3.299999999999992
2019-04-16,1.502,1.458,1.537,1.929,42.7,47.10000000000001,3.499999999999992
2019-04-17,1.507,1.465,1.551,1.954,44.7,48.89999999999999,4.400000000000004
2019-04-18,1.514,1.47,1.557,1.949,43.50000000000001,47.900000000000006,4.299999999999993
2019-04-23,1.475,1.426,1.515,1.894,41.899999999999984,46.8,3.9999999999999813
2019-04-24,1.323,1.272,1.375,1.787,46.4,51.49999999999999,5.200000000000005
2019-04-26,1.337,1.29,1.392,1.777,43.99999999999999,48.69999999999999,5.499999999999994
2019-04-29,1.341,1.294,1.396,1.787,44.599999999999994,49.29999999999999,5.499999999999994
2019-04-30,1.324,1.277,1.379,1.787,46.29999999999998,51.0,5.499999999999994
2019-05-01,1.319,1.272,1.375,1.781,46.199999999999996,50.89999999999999,5.600000000000005
2019-05-02,1.32,1.283,1.385,1.786,46.599999999999994,50.30000000000001,6.499999999999995
2019-05-03,1.317,1.283,1.385,1.79,47.30000000000001,50.70000000000001,6.800000000000006
2019-05-06,1.284,1.243,1.339,1.736,45.199999999999996,49.29999999999999,5.499999999999994
2019-05-07,1.363,1.318,1.4,1.782,41.900000000000006,46.4,3.699999999999992
2019-05-08,1.329,1.283,1.359,1.733,40.40000000000001,45.000000000000014,3.0000000000000027
2019-05-09,1.309,1.268,1.339,1.709,40.000000000000014,44.10000000000001,3.0000000000000027
2019-05-10,1.315,1.274,1.348,1.729,41.40000000000001,45.50000000000001,3.300000000000014
2019-05-13,1.305,1.264,1.338,1.725,42.000000000000014,46.10000000000001,3.300000000000014
2019-05-14,1.281,1.239,1.314,1.7,41.900000000000006,46.09999999999999,3.300000000000014
2019-05-15,1.279,1.239,1.316,1.695,41.600000000000016,45.599999999999994,3.7000000000000144
2019-05-16,1.224,1.187,1.268,1.64,41.599999999999994,45.29999999999998,4.400000000000004
2019-05-17,1.21,1.183,1.272,1.641,43.10000000000001,45.8,6.2000000000000055
2019-05-20,1.253,1.232,1.32,1.676,42.300000000000004,44.39999999999999,6.700000000000017
2019-05-21,1.199,1.181,1.269,1.636,43.69999999999998,45.499999999999986,6.999999999999984
2019-05-22,1.195,1.177,1.27,1.636,44.09999999999998,45.899999999999984,7.499999999999996
2019-05-23,1.15,1.138,1.231,1.581,43.10000000000001,44.300000000000004,8.10000000000002
2019-05-24,1.105,1.094,1.185,1.522,41.7,42.8,8.000000000000007
2019-05-27,1.136,1.125,1.216,1.552,41.600000000000016,42.7,8.000000000000007
2019-05-28,1.127,1.116,1.206,1.537,40.99999999999999,42.09999999999998,7.899999999999996
2019-05-29,1.106,1.092,1.175,1.485,37.9,39.300000000000004,6.899999999999995
2019-05-30,1.141,1.128,1.213,1.534,39.300000000000004,40.600000000000016,7.200000000000006
2019-05-31,1.111,1.097,1.167,1.459,34.80000000000001,36.20000000000001,5.600000000000005
2019-06-03,1.129,1.12,1.196,1.509,37.999999999999986,38.89999999999998,6.699999999999995
2019-06-04,1.121,1.113,1.189,1.504,38.3,39.1,6.800000000000006
2019-06-05,1.083,1.075,1.155,1.484,40.1,40.900000000000006,7.200000000000006
2019-06-06,1.061,1.055,1.131,1.469,40.80000000000001,41.40000000000001,7.000000000000006
2019-06-07,1.075,1.065,1.138,1.473,39.80000000000001,40.80000000000001,6.2999999999999945
2019-06-11,1.06,1.049,1.124,1.454,39.39999999999999,40.5,6.400000000000006
2019-06-12,1.04,1.028,1.1,1.429,38.9,40.1,6.000000000000005
2019-06-13,1.008,0.991,1.065,1.405,39.7,41.400000000000006,5.699999999999994
2019-06-14,0.997,0.98,1.053,1.375,37.8,39.5,5.599999999999994
2019-06-17,1.03,1.016,1.084,1.393,36.3,37.7,5.400000000000005
2019-06-18,1.01,1.0,1.065,1.373,36.3,37.3,5.499999999999994
2019-06-19,0.976,0.965,1.03,1.343,36.7,37.8,5.400000000000005
2019-06-20,0.931,0.916,0.983,1.297,36.59999999999999,38.09999999999999,5.199999999999994
2019-06-21,0.906,0.891,0.96,1.283,37.69999999999999,39.19999999999999,5.399999999999993
2019-06-24,0.912,0.901,0.971,1.299,38.69999999999999,39.79999999999999,5.899999999999994
2019-06-25,0.905,0.895,0.962,1.285,37.999999999999986,38.99999999999999,5.699999999999994
2019-06-26,0.945,0.921,0.983,1.282,33.70000000000001,36.1,3.8000000000000034
2019-06-27,0.984,0.968,1.037,1.35,36.60000000000001,38.20000000000001,5.299999999999994
2019-06-28,0.973,0.956,1.027,1.325,35.199999999999996,36.9,5.399999999999993
2019-07-01,0.982,0.976,1.049,1.359,37.7,38.3,6.699999999999995
2019-07-02,0.969,0.966,1.04,1.337,36.8,37.1,7.100000000000007
2019-07-03,0.928,0.921,0.995,1.282,35.4,36.1,6.699999999999995
2019-07-04,0.94,0.934,1.007,1.296,35.60000000000001,36.199999999999996,6.699999999999995
2019-07-05,0.94,0.933,1.0,1.286,34.60000000000001,35.3,6.000000000000005
2019-07-08,0.961,0.952,1.021,1.326,36.50000000000001,37.40000000000001,5.999999999999995
2019-07-09,0.957,0.946,1.014,1.322,36.50000000000001,37.60000000000001,5.700000000000005
2019-07-10,0.982,0.97,1.04,1.357,37.5,38.7,5.800000000000005
2019-07-11,0.946,0.935,1.008,1.337,39.1,40.19999999999999,6.2000000000000055
2019-07-12,0.989,0.982,1.071,1.442,45.3,46.0,8.199999999999996
2019-07-15,0.998,0.996,1.088,1.458,46.0,46.199999999999996,9.000000000000007
2019-07-16,0.963,0.962,1.049,1.408,44.49999999999999,44.599999999999994,8.599999999999996
2019-07-17,0.948,0.948,1.035,1.399,45.10000000000001,45.10000000000001,8.699999999999996
2019-07-18,0.941,0.933,1.016,1.354,41.30000000000001,42.1,7.500000000000007
2019-07-19,0.956,0.943,1.025,1.358,40.20000000000002,41.500000000000014,6.899999999999995
2019-07-22,0.946,0.933,1.015,1.337,39.1,40.39999999999999,6.899999999999995
2019-07-23,0.94,0.923,0.998,1.322,38.20000000000001,39.900000000000006,5.800000000000005
2019-07-24,0.907,0.889,0.968,1.303,39.599999999999994,41.39999999999999,6.099999999999994
2019-07-25,0.865,0.844,0.918,1.234,36.9,39.0,5.300000000000004
2019-07-26,0.87,0.845,0.915,1.234,36.4,38.9,4.5000000000000036
2019-07-29,0.852,0.825,0.894,1.215,36.30000000000001,39.000000000000014,4.200000000000004
2019-07-30,0.842,0.815,0.882,1.21,36.8,39.5,4.0000000000000036
2019-07-31,0.83,0.804,0.864,1.19,36.0,38.59999999999999,3.400000000000003
2019-08-01,0.863,0.835,0.894,1.215,35.20000000000001,38.000000000000014,3.1000000000000028
2019-08-02,0.782,0.746,0.796,1.091,30.899999999999995,34.5,1.4000000000000012
2019-08-05,0.746,0.709,0.76,1.056,31.000000000000007,34.70000000000001,1.4000000000000012
2019-08-06,0.749,0.703,0.748,1.046,29.700000000000003,34.30000000000001,-0.10000000000000009
2019-08-07,0.704,0.653,0.687,0.962,25.8,30.899999999999995,-1.6999999999999904
2019-08-08,0.733,0.685,0.714,0.983,25.0,29.799999999999994,-1.9000000000000017
2019-08-09,0.716,0.671,0.688,0.963,24.7,29.199999999999992,-2.8000000000000025
2019-08-12,0.714,0.669,0.689,0.963,24.9,29.39999999999999,-2.500000000000002
2019-08-13,0.707,0.662,0.681,0.938,23.099999999999998,27.59999999999999,-2.599999999999991
2019-08-14,0.712,0.669,0.689,0.948,23.599999999999998,27.89999999999999,-2.300000000000002
2019-08-15,0.714,0.663,0.674,0.893,17.900000000000006,23.0,-3.9999999999999925
2019-08-16,0.719,0.668,0.676,0.888,16.900000000000006,21.999999999999996,-4.299999999999993
2019-08-19,0.729,0.677,0.69,0.918,18.900000000000006,24.099999999999998,-3.9000000000000035
2019-08-20,0.728,0.681,0.702,0.947,21.9,26.59999999999999,-2.6000000000000023
2019-08-21,0.722,0.676,0.697,0.936,21.40000000000001,26.0,-2.500000000000002
2019-08-22,0.719,0.673,0.695,0.915,19.600000000000005,24.2,-2.400000000000002
2019-08-23,0.743,0.705,0.732,0.979,23.599999999999998,27.400000000000002,-1.100000000000001
2019-08-26,0.698,0.663,0.682,0.892,19.400000000000006,22.9,-1.5999999999999903
2019-08-27,0.727,0.69,0.71,0.911,18.400000000000006,22.10000000000001,-1.7000000000000015
2019-08-28,0.716,0.677,0.695,0.891,17.500000000000004,21.4,-2.100000000000002
2019-08-29,0.708,0.669,0.688,0.882,17.400000000000006,21.299999999999997,-2.0000000000000018
2019-08-30,0.706,0.669,0.689,0.889,18.300000000000004,21.999999999999996,-1.7000000000000015
2019-09-02,0.723,0.689,0.712,0.925,20.200000000000006,23.60000000000001,-1.100000000000001
2019-09-03,0.732,0.698,0.721,0.944,21.199999999999996,24.6,-1.100000000000001
2019-09-04,0.754,0.718,0.738,0.935,18.100000000000005,21.70000000000001,-1.6000000000000014
2019-09-05,0.785,0.745,0.768,0.972,18.699999999999996,22.7,-1.7000000000000015
2019-09-06,0.851,0.817,0.847,1.092,24.10000000000001,27.500000000000014,-0.40000000000000036
2019-09-09,0.841,0.808,0.827,1.033,19.199999999999996,22.499999999999986,-1.4000000000000012
2019-09-10,0.864,0.832,0.855,1.077,21.299999999999997,24.5,-0.9000000000000008
2019-09-11,0.896,0.868,0.896,1.141,24.5,27.3,0.0
2019-09-12,0.897,0.874,0.902,1.153,25.6,27.900000000000002,0.5000000000000004
2019-09-13,0.903,0.886,0.921,1.154,25.099999999999987,26.79999999999999,1.8000000000000016
2019-09-16,0.923,0.909,0.947,1.188,26.49999999999999,27.89999999999999,2.399999999999991
2019-09-17,0.869,0.851,0.887,1.129,26.0,27.800000000000004,1.8000000000000016
2019-09-18,0.872,0.851,0.887,1.135,26.3,28.400000000000002,1.5000000000000013
2019-09-19,0.79,0.771,0.812,1.056,26.6,28.500000000000004,2.200000000000002
2019-09-20,0.757,0.737,0.777,1.016,25.900000000000002,27.900000000000002,2.0000000000000018
2019-09-23,0.753,0.732,0.77,0.997,24.4,26.5,1.7000000000000015
2019-09-24,0.739,0.718,0.752,0.957,21.799999999999997,23.9,1.3000000000000012
2019-09-25,0.731,0.705,0.737,0.938,20.699999999999996,23.299999999999997,0.6000000000000005
2019-09-26,0.725,0.698,0.736,0.947,22.199999999999996,24.9,1.100000000000001
2019-09-27,0.725,0.698,0.736,0.942,21.699999999999996,24.4,1.100000000000001
2019-09-30,0.757,0.732,0.774,1.012,25.5,28.000000000000004,1.7000000000000015
2019-10-01,0.68,0.656,0.706,0.969,28.89999999999999,31.299999999999994,2.599999999999991
2019-10-02,0.649,0.626,0.68,0.959,30.999999999999993,33.3,3.1000000000000028
2019-10-03,0.63,0.607,0.658,0.915,28.500000000000004,30.800000000000004,2.8000000000000025
2019-10-04,0.618,0.593,0.643,0.886,26.8,29.300000000000004,2.500000000000002
2019-10-07,,,,,,,
2019-10-08,0.624,0.598,0.648,0.892,26.8,29.400000000000006,2.400000000000002
2019-10-09,0.622,0.592,0.64,0.878,25.6,28.6,1.8000000000000016
2019-10-10,0.618,0.59,0.639,0.891,27.3,30.100000000000005,2.100000000000002
2019-10-11,0.688,0.674,0.735,1.013,32.49999999999999,33.899999999999984,4.700000000000005
2019-10-14,0.707,0.696,0.763,1.042,33.50000000000001,34.60000000000001,5.600000000000005
2019-10-15,0.692,0.68,0.745,1.013,32.099999999999994,33.29999999999998,5.300000000000004
2019-10-16,0.711,0.7,0.769,1.046,33.50000000000001,34.60000000000001,5.800000000000005
2019-10-17,0.756,0.745,0.813,1.1,34.400000000000006,35.50000000000001,5.699999999999994
2019-10-18,0.767,0.758,0.828,1.101,33.4,34.3,6.099999999999994
2019-10-21,0.786,0.782,0.855,1.145,35.9,36.3,6.899999999999995
2019-10-22,0.79,0.783,0.865,1.166,37.59999999999999,38.29999999999999,7.499999999999996
2019-10-23,0.757,0.745,0.822,1.102,34.50000000000001,35.70000000000001,6.499999999999995
2019-10-24,0.744,0.726,0.804,1.082,33.80000000000001,35.60000000000001,6.000000000000005
2019-10-25,0.732,0.713,0.787,1.057,32.49999999999999,34.4,5.500000000000005
2019-10-28,0.754,0.737,0.814,1.092,33.80000000000001,35.50000000000001,5.999999999999995
2019-10-29,0.823,0.813,0.895,1.181,35.80000000000001,36.80000000000001,7.200000000000006
2019-10-30,0.797,0.781,0.859,1.136,33.899999999999984,35.499999999999986,6.199999999999994
2019-10-31,0.824,0.806,0.881,1.136,31.199999999999996,32.999999999999986,5.700000000000005
2019-11-01,0.805,0.781,0.853,1.096,29.100000000000005,31.500000000000007,4.799999999999994
2019-11-04,0.846,0.824,0.903,1.176,32.99999999999999,35.199999999999996,5.700000000000005
2019-11-05,0.873,0.854,0.935,1.2,32.699999999999996,34.599999999999994,6.2000000000000055
2019-11-06,0.895,0.88,0.972,1.27,37.5,39.0,7.699999999999996
2019-11-07,0.858,0.845,0.933,1.211,35.30000000000001,36.60000000000001,7.500000000000007
2019-11-08,0.887,0.878,0.98,1.291,40.39999999999999,41.29999999999999,9.299999999999997
2019-11-11,0.872,0.864,0.969,1.296,42.400000000000006,43.2,9.699999999999998
2019-11-12,0.852,0.843,0.949,1.282,43.00000000000001,43.900000000000006,9.699999999999998
2019-11-13,0.837,0.821,0.93,1.272,43.50000000000001,45.10000000000001,9.300000000000008
2019-11-14,0.766,0.743,0.849,1.177,41.1,43.400000000000006,8.299999999999997
2019-11-15,0.778,0.752,0.852,1.161,38.3,40.900000000000006,7.399999999999995
2019-11-18,0.778,0.75,0.854,1.167,38.9,41.7,7.599999999999996
2019-11-19,0.751,0.721,0.822,1.127,37.6,40.6,7.099999999999995
2019-11-20,0.746,0.709,0.797,1.072,32.60000000000001,36.30000000000001,5.100000000000005
2019-11-21,0.754,0.718,0.802,1.072,31.800000000000004,35.400000000000006,4.800000000000004
2019-11-22,0.761,0.732,0.819,1.097,33.599999999999994,36.5,5.799999999999994
2019-11-25,0.764,0.733,0.817,1.092,32.800000000000004,35.90000000000001,5.299999999999994
2019-11-26,0.764,0.729,0.81,1.077,31.299999999999994,34.8,4.600000000000004
2019-11-27,0.683,0.645,0.73,1.018,33.5,37.3,4.699999999999993
2019-11-28,0.655,0.62,0.707,0.999,34.4,37.9,5.199999999999994
2019-11-29,0.679,0.645,0.735,1.034,35.5,38.9,5.599999999999994
2019-12-02,0.711,0.685,0.779,1.094,38.30000000000001,40.900000000000006,6.800000000000006
2019-12-03,0.786,0.763,0.861,1.195,40.900000000000006,43.2,7.499999999999996
2019-12-04,0.708,0.674,0.761,1.063,35.5,38.89999999999999,5.300000000000004
2019-12-05,0.713,0.679,0.771,1.092,37.90000000000001,41.300000000000004,5.800000000000005
2019-12-06,0.731,0.697,0.794,1.127,39.6,43.00000000000001,6.300000000000006
2019-12-09,0.746,0.709,0.81,1.151,40.5,44.2,6.400000000000006
2019-12-10,0.725,0.679,0.782,1.107,38.2,42.8,5.700000000000005
2019-12-11,0.759,0.706,0.81,1.156,39.69999999999999,44.99999999999999,5.100000000000005
2019-12-12,0.745,0.694,0.797,1.132,38.69999999999999,43.8,5.200000000000005
2019-12-13,0.818,0.79,0.9,1.258,44.00000000000001,46.8,8.200000000000006
2019-12-16,0.77,0.738,0.842,1.158,38.79999999999999,41.99999999999999,7.199999999999996
2019-12-17,0.746,0.71,0.822,1.158,41.19999999999999,44.8,7.599999999999996
2019-12-18,0.78,0.743,0.857,1.208,42.8,46.5,7.699999999999996
2019-12-19,0.84,0.808,0.927,1.269,42.89999999999999,46.09999999999999,8.700000000000008
2019-12-20,0.876,0.846,0.965,1.289,41.29999999999999,44.3,8.899999999999997
2019-12-23,0.888,0.861,0.981,1.299,41.099999999999994,43.8,9.299999999999997
2019-12-24,0.903,0.876,0.993,1.31,40.7,43.400000000000006,8.999999999999996
2019-12-27,0.91,0.888,1.003,1.309,39.89999999999999,42.099999999999994,9.299999999999986
2019-12-30,0.9,0.878,0.994,1.309,40.89999999999999,43.099999999999994,9.399999999999997
2019-12-31,0.922,0.911,1.028,1.36,43.800000000000004,44.900000000000006,10.599999999999998
2020-01-02,0.876,0.873,1.0,1.345,46.9,47.199999999999996,12.4
2020-01-03,0.822,0.81,0.931,1.255,43.3,44.499999999999986,10.90000000000001
2020-01-06,0.794,0.777,0.892,1.206,41.19999999999999,42.89999999999999,9.799999999999997
2020-01-07,0.792,0.776,0.893,1.221,42.900000000000006,44.50000000000001,10.099999999999998
2020-01-08,0.772,0.755,0.867,1.188,41.599999999999994,43.3,9.499999999999996
2020-01-09,0.802,0.787,0.905,1.241,43.900000000000006,45.400000000000006,10.299999999999997
2020-01-10,0.813,0.796,0.914,1.257,44.39999999999999,46.09999999999999,10.100000000000009
2020-01-13,0.8,0.782,0.894,1.214,41.39999999999999,43.199999999999996,9.399999999999997
2020-01-14,0.818,0.804,0.925,1.261,44.3,45.69999999999999,10.70000000000001
2020-01-15,0.804,0.788,0.902,1.217,41.300000000000004,42.900000000000006,9.799999999999997
2020-01-16,0.78,0.762,0.876,1.187,40.7,42.50000000000001,9.599999999999998
2020-01-17,0.771,0.754,0.865,1.182,41.099999999999994,42.8,9.399999999999997
2020-01-20,0.76,0.744,0.859,1.177,41.7,43.300000000000004,9.899999999999999
2020-01-21,0.75,0.735,0.848,1.163,41.300000000000004,42.800000000000004,9.799999999999997
2020-01-22,0.715,0.697,0.808,1.119,40.400000000000006,42.2,9.300000000000008
2020-01-23,0.742,0.725,0.826,1.105,36.3,38.0,8.399999999999997
2020-01-24,0.751,0.732,0.826,1.091,34.0,35.9,7.499999999999996
2020-01-28,0.66,0.627,0.709,0.957,29.699999999999992,32.99999999999999,4.899999999999993
2020-01-29,0.698,0.677,0.763,1.017,31.899999999999995,33.999999999999986,6.500000000000005
2020-01-30,0.652,0.627,0.711,0.968,31.599999999999994,34.099999999999994,5.899999999999994
2020-01-31,0.648,0.622,0.703,0.958,30.999999999999993,33.599999999999994,5.499999999999994
2020-02-03,0.62,0.588,0.67,0.929,30.900000000000006,34.10000000000001,5.000000000000004
2020-02-04,0.647,0.618,0.691,0.929,28.200000000000003,31.100000000000005,4.399999999999993
2020-02-05,0.741,0.717,0.791,1.038,29.700000000000003,32.10000000000001,5.000000000000004
2020-02-06,0.786,0.763,0.842,1.097,31.099999999999994,33.4,5.599999999999994
2020-02-07,0.745,0.72,0.795,1.048,30.300000000000004,32.800000000000004,5.000000000000004
2020-02-10,0.726,0.701,0.769,1.013,28.699999999999992,31.199999999999996,4.300000000000004
2020-02-11,0.735,0.71,0.779,1.024,28.900000000000002,31.400000000000006,4.400000000000004
2020-02-12,0.764,0.739,0.808,1.069,30.499999999999993,32.99999999999999,4.400000000000004
2020-02-13,0.758,0.729,0.796,1.048,29.000000000000004,31.900000000000006,3.8000000000000034
2020-02-14,0.75,0.722,0.791,1.053,30.299999999999994,33.099999999999994,4.100000000000003
2020-02-17,0.756,0.731,0.801,1.059,30.299999999999994,32.8,4.5000000000000036
2020-02-18,0.743,0.717,0.785,1.024,28.1,30.700000000000006,4.200000000000004
2020-02-19,0.744,0.717,0.782,1.029,28.499999999999993,31.199999999999996,3.8000000000000034
2020-02-20,0.703,0.676,0.743,0.994,29.100000000000005,31.799999999999994,4.0000000000000036
2020-02-21,0.663,0.637,0.697,0.929,26.6,29.200000000000003,3.399999999999992
2020-02-24,0.648,0.623,0.68,0.911,26.3,28.800000000000004,3.200000000000003
2020-02-25,0.657,0.631,0.688,0.92,26.3,28.900000000000002,3.0999999999999917
2020-02-26,0.635,0.605,0.664,0.91,27.500000000000004,30.500000000000004,2.9000000000000026
2020-02-27,0.591,0.556,0.615,0.845,25.4,28.89999999999999,2.400000000000002
2020-02-28,0.534,0.502,0.565,0.81,27.6,30.800000000000004,3.0999999999999917
2020-03-02,0.468,0.448,0.527,0.797,32.9,34.900000000000006,5.8999999999999995
2020-03-03,0.457,0.447,0.522,0.785,32.800000000000004,33.800000000000004,6.5
2020-03-04,0.387,0.377,0.451,0.713,32.599999999999994,33.599999999999994,6.4
2020-03-05,0.42,0.411,0.495,0.773,35.300000000000004,36.2,7.500000000000001
2020-03-06,0.388,0.36,0.434,0.668,28.000000000000004,30.800000000000004,4.599999999999999
2020-03-09,0.413,0.375,0.435,0.606,19.3,23.099999999999998,2.200000000000002
2020-03-10,0.496,0.478,0.547,0.789,29.300000000000004,31.100000000000005,5.100000000000005
2020-03-11,0.422,0.395,0.467,0.671,24.900000000000006,27.6,4.5000000000000036
2020-03-12,0.433,0.403,0.494,0.763,33.0,36.0,6.1
2020-03-13,0.566,0.541,0.648,0.969,40.300000000000004,42.8,8.200000000000006
2020-03-16,0.504,0.47,0.564,0.908,40.400000000000006,43.800000000000004,5.999999999999995
2020-03-17,0.525,0.503,0.623,1.032,50.7,52.900000000000006,9.799999999999997
2020-03-18,0.515,0.491,0.641,1.211,69.60000000000001,72.00000000000001,12.6
2020-03-19,0.334,0.339,0.568,1.483,114.9,114.4,23.39999999999999
2020-03-20,0.282,0.289,0.484,1.136,85.39999999999999,84.7,20.200000000000003
2020-03-23,0.287,0.3,0.45,0.908,62.1,60.80000000000001,16.300000000000004
2020-03-24,0.285,0.303,0.45,0.89,60.5,58.699999999999996,16.500000000000004
2020-03-25,0.288,0.311,0.461,0.973,68.5,66.19999999999999,17.300000000000004
2020-03-26,0.268,0.288,0.453,0.919,65.10000000000001,63.1,18.5
2020-03-27,0.254,0.278,0.453,0.917,66.3,63.9,19.900000000000002
2020-03-30,0.255,0.281,0.419,0.775,52.0,49.4,16.4
2020-03-31,0.244,0.254,0.41,0.755,51.1,50.1,16.599999999999998
2020-04-01,0.212,0.211,0.357,0.67,45.800000000000004,45.900000000000006,14.499999999999998
2020-04-02,0.219,0.233,0.4,0.759,54.0,52.6,18.1
2020-04-03,0.212,0.235,0.389,0.754,54.2,51.9,17.700000000000003
2020-04-06,0.22,0.247,0.399,0.769,54.900000000000006,52.2,17.900000000000002
2020-04-07,0.224,0.256,0.423,0.912,68.80000000000001,65.60000000000001,19.9
2020-04-08,0.219,0.246,0.423,0.911,69.2,66.5,20.4
2020-04-09,0.231,0.262,0.444,0.899,66.8,63.7,21.3
2020-04-14,0.226,0.258,0.443,0.918,69.2,66.0,21.7
2020-04-15,0.231,0.27,0.448,0.907,67.60000000000001,63.7,21.7
2020-04-16,0.221,0.252,0.419,0.842,62.1,59.0,19.799999999999997
2020-04-17,0.225,0.259,0.422,0.852,62.7,59.3,19.7
2020-04-20,0.228,0.265,0.422,0.833,60.5,56.8,19.4
2020-04-21,0.224,0.26,0.426,0.852,62.8,59.199999999999996,20.2
2020-04-22,0.222,0.257,0.414,0.836,61.4,57.9,19.2
2020-04-23,0.227,0.267,0.429,0.872,64.5,60.5,20.2
2020-04-24,0.228,0.265,0.434,0.872,64.4,60.699999999999996,20.599999999999998
2020-04-27,0.231,0.265,0.443,0.907,67.60000000000001,64.2,21.2
2020-04-28,0.228,0.261,0.437,0.922,69.4,66.10000000000001,20.9
2020-04-29,0.227,0.257,0.43,0.917,69.0,66.0,20.299999999999997
2020-04-30,0.222,0.251,0.416,0.887,66.5,63.6,19.4
2020-05-01,0.221,0.244,0.406,0.867,64.60000000000001,62.3,18.500000000000004
2020-05-04,0.22,0.24,0.385,0.828,60.8,58.8,16.5
2020-05-05,0.218,0.24,0.39,0.865,64.7,62.5,17.200000000000003
2020-05-06,0.228,0.253,0.404,0.914,68.60000000000001,66.10000000000001,17.6
2020-05-07,0.226,0.249,0.404,0.924,69.80000000000001,67.5,17.8
2020-05-08,0.219,0.232,0.384,0.89,67.10000000000001,65.8,16.5
2020-05-11,0.219,0.234,0.395,0.96,74.1,72.6,17.6
2020-05-12,0.228,0.233,0.394,0.956,72.8,72.3,16.6
2020-05-13,0.237,0.237,0.392,0.956,71.89999999999999,71.89999999999999,15.500000000000004
2020-05-14,0.251,0.236,0.374,0.897,64.60000000000001,66.10000000000001,12.3
2020-05-15,0.251,0.243,0.385,0.908,65.7,66.5,13.4
2020-05-18,0.255,0.246,0.384,0.909,65.4,66.3,12.9
2020-05-19,0.262,0.257,0.409,0.978,71.6,72.1,14.699999999999996
2020-05-20,0.259,0.256,0.406,0.948,68.89999999999999,69.19999999999999,14.700000000000003
2020-05-21,0.256,0.249,0.392,0.912,65.60000000000001,66.3,13.600000000000001
2020-05-22,0.257,0.252,0.39,0.868,61.1,61.6,13.3
2020-05-25,0.26,0.255,0.395,0.86,60.0,60.5,13.5
2020-05-26,0.263,0.259,0.403,0.884,62.1,62.5,14.000000000000002
2020-05-27,0.262,0.255,0.399,0.879,61.7,62.4,13.700000000000001
2020-05-28,0.263,0.26,0.403,0.879,61.6,61.9,14.000000000000002
2020-05-29,0.264,0.262,0.402,0.885,62.1,62.3,13.8
2020-06-01,0.268,0.259,0.396,0.895,62.7,63.6,12.8
2020-06-02,0.266,0.26,0.394,0.907,64.1,64.7,12.8
2020-06-03,0.274,0.269,0.41,0.968,69.39999999999999,69.89999999999999,13.599999999999996
2020-06-04,0.282,0.279,0.428,1.022,74.0,74.3,14.600000000000001
2020-06-05,0.284,0.282,0.441,1.094,81.0,81.2,15.700000000000003
2020-06-09,0.281,0.276,0.426,1.052,77.10000000000001,77.60000000000001,14.499999999999996
2020-06-10,0.281,0.273,0.422,1.022,74.1,74.9,14.099999999999996
2020-06-11,0.271,0.255,0.386,0.925,65.4,67.0,11.5
2020-06-12,0.27,0.255,0.385,0.913,64.3,65.8,11.5
2020-06-15,0.265,0.251,0.377,0.865,60.0,61.4,11.2
2020-06-16,0.264,0.256,0.396,0.92,65.60000000000001,66.4,13.200000000000001
2020-06-17,0.264,0.255,0.399,0.921,65.7,66.60000000000001,13.5
2020-06-18,0.26,0.249,0.389,0.886,62.6,63.7,12.9
2020-06-19,0.263,0.255,0.391,0.866,60.3,61.1,12.8
2020-06-22,0.261,0.257,0.394,0.872,61.1,61.5,13.3
2020-06-23,0.259,0.267,0.407,0.907,64.8,64.0,14.799999999999997
2020-06-24,0.252,0.271,0.415,0.929,67.7,65.8,16.299999999999997
2020-06-25,0.25,0.266,0.404,0.889,63.9,62.3,15.400000000000002
2020-06-26,0.248,0.261,0.399,0.873,62.5,61.199999999999996,15.100000000000001
2020-06-29,0.25,0.264,0.406,0.888,63.800000000000004,62.4,15.600000000000003
2020-06-30,0.249,0.262,0.406,0.878,62.9,61.6,15.700000000000003
2020-07-01,0.253,0.27,0.42,0.943,69.0,67.3,16.7
2020-07-02,0.25,0.266,0.414,0.932,68.2,66.60000000000001,16.4
2020-07-03,0.252,0.27,0.415,0.913,66.10000000000001,64.3,16.299999999999997
2020-07-06,0.254,0.272,0.424,0.934,68.0,66.2,17.0
2020-07-07,0.253,0.262,0.411,0.894,64.1,63.2,15.799999999999997
2020-07-08,0.249,0.259,0.406,0.88,63.1,62.1,15.700000000000003
2020-07-09,0.251,0.269,0.419,0.91,65.9,64.1,16.799999999999997
2020-07-10,0.25,0.268,0.413,0.871,62.1,60.3,16.299999999999997
2020-07-13,0.257,0.283,0.435,0.912,65.5,62.9,17.8
2020-07-14,0.261,0.293,0.44,0.922,66.10000000000001,62.9,17.9
2020-07-15,0.257,0.283,0.429,0.883,62.6,60.00000000000001,17.2
2020-07-16,0.256,0.283,0.431,0.894,63.800000000000004,61.1,17.5
2020-07-17,0.261,0.279,0.425,0.88,61.9,60.099999999999994,16.4
2020-07-20,0.265,0.284,0.432,0.9,63.5,61.60000000000001,16.7
2020-07-21,0.265,0.286,0.429,0.876,61.1,59.00000000000001,16.4
2020-07-22,0.279,0.291,0.437,0.902,62.3,61.1,15.799999999999997
2020-07-23,0.269,0.285,0.429,0.876,60.699999999999996,59.099999999999994,15.999999999999998
2020-07-24,0.26,0.28,0.425,0.88,62.0,60.0,16.499999999999996
2020-07-27,0.268,0.285,0.432,0.9,63.2,61.5,16.4
2020-07-28,0.274,0.29,0.441,0.933,65.9,64.3,16.7
2020-07-29,0.271,0.286,0.427,0.89,61.9,60.400000000000006,15.599999999999998
2020-07-30,0.275,0.281,0.42,0.87,59.5,58.9,14.499999999999996
2020-07-31,0.28,0.276,0.41,0.829,54.89999999999999,55.3,12.999999999999995
2020-08-03,0.281,0.281,0.422,0.87,58.9,58.9,14.099999999999996
2020-08-04,0.257,0.264,0.397,0.846,58.9,58.199999999999996,14.000000000000002
2020-08-05,0.258,0.265,0.393,0.836,57.8,57.099999999999994,13.5
2020-08-06,0.26,0.27,0.404,0.869,60.9,59.9,14.400000000000002
2020-08-07,0.259,0.266,0.397,0.844,58.5,57.8,13.8
2020-08-10,0.262,0.269,0.406,0.879,61.7,61.0,14.400000000000002
2020-08-11,0.27,0.273,0.412,0.885,61.5,61.199999999999996,14.199999999999996
2020-08-12,0.274,0.267,0.426,0.934,66.0,66.7,15.199999999999998
2020-08-13,0.268,0.263,0.425,0.904,63.6,64.1,15.699999999999998
2020-08-14,0.27,0.267,0.443,0.95,68.0,68.3,17.299999999999997
2020-08-17,0.269,0.27,0.437,0.916,64.7,64.60000000000001,16.799999999999997
2020-08-18,0.273,0.268,0.427,0.887,61.4,61.9,15.399999999999997
2020-08-19,0.273,0.268,0.424,0.882,60.9,61.4,15.099999999999996
2020-08-20,0.269,0.267,0.423,0.873,60.4,60.6,15.399999999999997
2020-08-21,0.27,0.267,0.426,0.898,62.8,63.1,15.599999999999998
2020-08-24,0.272,0.268,0.423,0.874,60.199999999999996,60.6,15.099999999999996
2020-08-25,0.267,0.268,0.43,0.905,63.800000000000004,63.7,16.299999999999997
2020-08-26,0.27,0.281,0.448,0.97,70.0,68.89999999999999,17.8
2020-08-27,0.267,0.275,0.436,0.935,66.8,66.0,16.9
2020-08-28,0.274,0.28,0.465,1.04,76.6,76.0,19.1
2020-08-31,0.277,0.276,0.459,1.001,72.39999999999999,72.49999999999999,18.2
2020-09-01,0.273,0.271,0.453,0.992,71.89999999999999,72.1,18.0
2020-09-02,0.272,0.266,0.444,0.954,68.19999999999999,68.8,17.2
2020-09-03,0.269,0.265,0.43,0.929,66.0,66.4,16.099999999999998
2020-09-04,0.272,0.264,0.422,0.91,63.800000000000004,64.60000000000001,14.999999999999996
2020-09-07,0.274,0.272,0.443,0.991,71.7,71.89999999999999,16.9
2020-09-08,0.275,0.272,0.445,0.993,71.8,72.1,17.0
2020-09-09,0.259,0.255,0.424,0.915,65.60000000000001,66.0,16.499999999999996
2020-09-10,0.256,0.255,0.43,0.955,69.89999999999999,70.0,17.4
2020-09-11,0.254,0.256,0.425,0.934,68.0,67.80000000000001,17.099999999999998
2020-09-14,0.24,0.243,0.398,0.891,65.10000000000001,64.8,15.800000000000002
2020-09-15,0.225,0.238,0.384,0.889,66.4,65.10000000000001,15.9
2020-09-16,0.219,0.234,0.379,0.889,67.0,65.5,16.0
2020-09-17,0.209,0.227,0.377,0.869,66.0,64.2,16.8
2020-09-18,0.212,0.243,0.409,0.913,70.10000000000001,67.0,19.7
2020-09-21,0.213,0.237,0.404,0.879,66.60000000000001,64.2,19.1
2020-09-22,0.21,0.219,0.382,0.856,64.60000000000001,63.7,17.200000000000003
2020-09-23,0.162,0.189,0.348,0.832,67.0,64.3,18.599999999999998
2020-09-24,0.165,0.174,0.335,0.832,66.69999999999999,65.8,17.0
2020-09-25,0.168,0.174,0.334,0.826,65.8,65.19999999999999,16.6
2020-09-28,0.165,0.163,0.319,0.802,63.7,63.9,15.4
2020-09-29,0.17,0.168,0.325,0.807,63.7,63.9,15.5
2020-09-30,0.172,0.172,0.33,0.816,64.39999999999999,64.39999999999999,15.800000000000002
2020-10-01,0.176,0.19,0.353,0.876,70.0,68.6,17.7
2020-10-02,0.175,0.175,0.325,0.812,63.7,63.7,15.000000000000002
2020-10-05,,,,,,,
2020-10-06,0.184,0.169,0.329,0.862,67.8,69.3,14.500000000000002
2020-10-07,0.146,0.142,0.291,0.822,67.6,68.0,14.499999999999998
2020-10-08,0.155,0.144,0.299,0.847,69.19999999999999,70.3,14.399999999999999
2020-10-09,0.155,0.144,0.294,0.833,67.8,68.89999999999999,13.899999999999999
2020-10-12,0.15,0.145,0.294,0.829,67.89999999999999,68.39999999999999,14.399999999999999
2020-10-13,0.149,0.145,0.293,0.83,68.1,68.5,14.399999999999999
2020-10-14,0.154,0.151,0.297,0.82,66.6,66.89999999999999,14.299999999999999
2020-10-15,0.14,0.141,0.279,0.745,60.5,60.4,13.900000000000002
2020-10-16,0.143,0.129,0.265,0.705,56.199999999999996,57.599999999999994,12.200000000000003
2020-10-19,0.146,0.137,0.281,0.735,58.9,59.8,13.500000000000004
2020-10-20,0.129,0.132,0.274,0.741,61.199999999999996,60.9,14.500000000000002
2020-10-21,0.125,0.136,0.284,0.785,66.0,64.9,15.899999999999997
2020-10-22,0.124,0.132,0.282,0.795,67.10000000000001,66.3,15.799999999999997
2020-10-23,0.128,0.136,0.289,0.84,71.2,70.39999999999999,16.099999999999998
2020-10-26,0.112,0.13,0.28,0.792,68.0,66.2,16.800000000000004
2020-10-27,0.114,0.123,0.273,0.788,67.4,66.5,15.900000000000002
2020-10-28,0.109,0.131,0.272,0.769,66.0,63.800000000000004,16.300000000000004
2020-10-29,0.111,0.13,0.274,0.798,68.7,66.8,16.300000000000004
2020-10-30,0.109,0.13,0.275,0.813,70.39999999999999,68.3,16.600000000000005
2020-11-02,0.113,0.128,0.273,0.809,69.60000000000001,68.10000000000001,16.000000000000004
2020-11-03,0.093,0.105,0.245,0.758,66.5,65.3,15.2
2020-11-04,0.108,0.111,0.257,0.779,67.10000000000001,66.8,14.900000000000002
2020-11-05,0.097,0.113,0.247,0.729,63.2,61.6,15.0
2020-11-06,0.096,0.117,0.253,0.741,64.5,62.4,15.7
2020-11-09,0.094,0.109,0.25,0.757,66.3,64.8,15.6
2020-11-10,0.099,0.118,0.301,0.907,80.80000000000001,78.9,20.2
2020-11-11,0.1,0.124,0.33,0.981,88.1,85.7,23.0
2020-11-12,0.097,0.109,0.3,0.902,80.5,79.3,20.299999999999997
2020-11-13,0.102,0.117,0.301,0.869,76.7,75.2,19.900000000000002
2020-11-16,0.099,0.106,0.3,0.879,78.0,77.3,20.099999999999998
2020-11-17,0.097,0.111,0.315,0.945,84.8,83.39999999999999,21.8
2020-11-18,0.095,0.108,0.297,0.875,78.0,76.7,20.2
2020-11-19,0.095,0.108,0.297,0.875,78.0,76.7,20.2
2020-11-20,0.097,0.107,0.287,0.851,75.4,74.4,18.999999999999996
2020-11-23,0.092,0.106,0.28,0.836,74.4,73.0,18.800000000000004
2020-11-24,0.093,0.11,0.292,0.882,78.9,77.2,19.9
2020-11-25,0.093,0.112,0.302,0.922,82.9,81.0,20.9
2020-11-26,0.089,0.108,0.295,0.902,81.30000000000001,79.4,20.599999999999998
2020-11-27,0.088,0.107,0.293,0.893,80.5,78.60000000000001,20.5
2020-11-30,0.089,0.11,0.297,0.889,80.0,77.9,20.8
2020-12-01,0.094,0.114,0.304,0.909,81.5,79.5,21.0
2020-12-02,0.098,0.119,0.324,0.974,87.6,85.5,22.6
2020-12-03,0.1,0.116,0.335,1.008,90.8,89.2,23.5
2020-12-04,0.1,0.116,0.334,0.984,88.4,86.8,23.400000000000002
2020-12-07,0.1,0.114,0.342,1.03,93.0,91.60000000000001,24.200000000000003
2020-12-08,0.099,0.114,0.338,1.017,91.8,90.3,23.900000000000002
2020-12-09,0.097,0.126,0.34,1.02,92.30000000000001,89.4,24.3
2020-12-10,0.087,0.105,0.334,0.982,89.5,87.7,24.700000000000003
2020-12-11,0.09,0.105,0.346,0.982,89.2,87.7,25.6
2020-12-14,0.092,0.101,0.339,0.961,86.9,86.0,24.700000000000003
2020-12-15,0.092,0.105,0.35,0.961,86.9,85.6,25.8
2020-12-16,0.099,0.106,0.35,0.959,86.0,85.3,25.1
2020-12-17,0.103,0.106,0.373,0.982,87.9,87.6,27.0
2020-12-18,0.104,0.108,0.375,0.984,88.0,87.6,27.1
2020-12-21,0.09,0.1,0.361,0.96,87.0,86.0,27.1
2020-12-22,0.087,0.099,0.344,0.95,86.3,85.1,25.7
2020-12-23,0.086,0.101,0.336,0.927,84.10000000000001,82.60000000000001,25.0
2020-12-24,0.081,0.1,0.354,0.992,91.10000000000001,89.2,27.299999999999997
2020-12-29,0.08,0.098,0.344,0.965,88.5,86.7,26.399999999999995
2020-12-30,0.077,0.098,0.345,0.981,90.4,88.3,26.799999999999997
2020-12-31,0.074,0.095,0.337,0.973,89.9,87.8,26.3
2021-01-04,0.076,0.1,0.343,0.984,90.8,88.4,26.700000000000003
2021-01-05,0.075,0.103,0.334,0.948,87.3,84.5,25.900000000000002
2021-01-06,0.076,0.123,0.363,1.03,95.4,90.7,28.7
2021-01-07,0.077,0.106,0.379,1.05,97.30000000000001,94.4,30.2
2021-01-08,0.077,0.106,0.396,1.09,101.30000000000001,98.4,31.900000000000002
2021-01-11,0.076,0.105,0.387,1.071,99.5,96.6,31.1
2021-01-12,0.079,0.107,0.402,1.11,103.10000000000001,100.30000000000001,32.300000000000004
2021-01-13,0.082,0.108,0.394,1.071,98.9,96.3,31.2
2021-01-14,0.078,0.105,0.387,1.062,98.4,95.7,30.9
2021-01-15,0.078,0.101,0.371,1.048,97.00000000000001,94.7,29.299999999999997
2021-01-18,0.079,0.101,0.361,1.034,95.5,93.30000000000001,28.199999999999996
2021-01-19,0.079,0.104,0.371,1.06,98.10000000000001,95.60000000000001,29.2
2021-01-20,0.079,0.104,0.368,1.051,97.2,94.69999999999999,28.9
2021-01-21,0.078,0.104,0.364,1.031,95.3,92.69999999999999,28.599999999999998
2021-01-22,0.083,0.109,0.385,1.092,100.9,98.30000000000001,30.2
2021-01-25,0.079,0.104,0.377,1.069,99.0,96.5,29.799999999999997
2021-01-27,0.084,0.107,0.369,1.059,97.5,95.19999999999999,28.499999999999996
2021-01-28,0.083,0.106,0.365,1.046,96.30000000000001,94.0,28.199999999999996
2021-01-29,0.085,0.107,0.374,1.096,101.10000000000001,98.9,28.9
2021-02-01,0.088,0.11,0.382,1.118,103.0,100.8,29.400000000000006
2021-02-02,0.092,0.11,0.376,1.122,103.0,101.2,28.400000000000002
2021-02-03,0.093,0.106,0.38,1.143,105.0,103.69999999999999,28.700000000000003
2021-02-04,0.097,0.109,0.405,1.196,109.89999999999999,108.7,30.800000000000004
2021-02-05,0.092,0.106,0.396,1.162,106.99999999999999,105.59999999999998,30.400000000000006
2021-02-08,0.09,0.103,0.416,1.238,114.8,113.5,32.599999999999994
2021-02-09,0.088,0.103,0.408,1.199,111.1,109.60000000000001,31.999999999999996
2021-02-10,0.088,0.101,0.408,1.19,110.19999999999999,108.89999999999999,31.999999999999996
2021-02-11,0.087,0.1,0.4,1.155,106.80000000000001,105.5,31.300000000000004
2021-02-12,0.088,0.104,0.409,1.19,110.19999999999999,108.59999999999998,32.099999999999994
2021-02-15,0.09,0.107,0.437,1.29,120.0,118.30000000000001,34.699999999999996
2021-02-16,0.093,0.108,0.449,1.292,119.9,118.39999999999999,35.6
2021-02-17,0.1,0.115,0.486,1.372,127.2,125.70000000000002,38.6
2021-02-18,0.104,0.115,0.48,1.337,123.29999999999998,122.2,37.6
2021-02-19,0.111,0.121,0.516,1.403,129.20000000000002,128.2,40.5
2021-02-22,0.119,0.126,0.616,1.573,145.4,144.70000000000002,49.7
2021-02-23,0.116,0.123,0.601,1.534,141.79999999999998,141.1,48.5
2021-02-24,0.115,0.124,0.626,1.581,146.6,145.7,51.1
2021-02-25,0.112,0.119,0.703,1.703,159.1,158.4,59.099999999999994
2021-02-26,0.108,0.115,0.806,1.885,177.7,177.0,69.80000000000001
2021-03-01,0.113,0.119,0.673,1.64,152.7,152.1,56.00000000000001
2021-03-02,0.106,0.112,0.701,1.689,158.29999999999998,157.7,59.5
2021-03-03,0.106,0.111,0.699,1.65,154.39999999999998,153.9,59.3
2021-03-04,0.116,0.126,0.771,1.747,163.1,162.1,65.5
2021-03-05,0.12,0.128,0.804,1.808,168.8,168.00000000000003,68.4
2021-03-08,0.122,0.129,0.77,1.746,162.4,161.7,64.8
2021-03-09,0.104,0.107,0.769,1.756,165.2,164.9,66.5
2021-03-10,0.097,0.096,0.736,1.686,158.9,159.0,63.9
2021-03-11,0.089,0.088,0.678,1.631,154.20000000000002,154.29999999999998,58.900000000000006
2021-03-12,0.1,0.097,0.699,1.688,158.79999999999998,159.1,59.9
2021-03-15,0.084,0.086,0.71,1.767,168.29999999999998,168.1,62.6
2021-03-16,0.083,0.086,0.659,1.67,158.7,158.39999999999998,57.60000000000001
2021-03-17,0.08,0.084,0.674,1.695,161.5,161.1,59.400000000000006
2021-03-18,0.086,0.096,0.73,1.761,167.49999999999997,166.49999999999997,64.4
2021-03-19,0.086,0.102,0.759,1.78,169.4,167.79999999999998,67.30000000000001
2021-03-22,0.084,0.102,0.717,1.737,165.3,163.5,63.3
2021-03-23,0.079,0.103,0.687,1.707,162.8,160.4,60.80000000000001
2021-03-24,0.078,0.1,0.64,1.63,155.2,152.99999999999997,56.2
2021-03-25,0.074,0.095,0.655,1.657,158.29999999999998,156.20000000000002,58.10000000000001
2021-03-26,0.072,0.092,0.648,1.632,155.99999999999997,153.99999999999997,57.60000000000001
2021-03-29,0.071,0.096,0.66,1.666,159.5,156.99999999999997,58.900000000000006
2021-03-30,0.073,0.106,0.721,1.757,168.4,165.09999999999997,64.8
2021-03-31,0.074,0.107,0.718,1.763,168.89999999999998,165.6,64.4
2021-04-01,0.076,0.105,0.707,1.76,168.4,165.5,63.1
2021-04-06,0.075,0.105,0.677,1.703,162.8,159.8,60.20000000000001
2021-04-07,0.075,0.105,0.657,1.67,159.5,156.5,58.20000000000001
2021-04-08,0.075,0.104,0.65,1.661,158.6,155.7,57.50000000000001
2021-04-09,0.074,0.102,0.664,1.677,160.3,157.5,59.00000000000001
2021-04-12,0.075,0.101,0.67,1.694,161.9,159.3,59.50000000000001
2021-04-13,0.074,0.103,0.702,1.735,166.1,163.20000000000002,62.8
2021-04-14,0.074,0.102,0.679,1.672,159.79999999999998,156.99999999999997,60.50000000000001
2021-04-15,0.075,0.103,0.696,1.692,161.7,158.9,62.1
2021-04-16,0.074,0.103,0.696,1.659,158.5,155.6,62.2
2021-04-19,0.074,0.102,0.685,1.64,156.6,153.79999999999998,61.10000000000001
2021-04-20,0.074,0.101,0.721,1.705,163.1,160.4,64.7
2021-04-21,0.072,0.101,0.692,1.657,158.5,155.6,62.0
2021-04-22,0.072,0.102,0.692,1.623,155.1,152.1,62.0
2021-04-23,0.071,0.102,0.718,1.659,158.8,155.7,64.7
2021-04-26,0.072,0.108,0.732,1.68,160.79999999999998,157.2,66.0
2021-04-27,0.074,0.11,0.724,1.666,159.2,155.6,65.0
2021-04-28,0.074,0.113,0.702,1.657,158.29999999999998,154.4,62.8
2021-04-29,0.074,0.113,0.685,1.643,156.9,153.0,61.10000000000001
2021-04-30,0.077,0.107,0.693,1.674,159.7,156.7,61.6
2021-05-03,0.079,0.107,0.692,1.679,160.0,157.20000000000002,61.3
2021-05-04,0.083,0.109,0.699,1.686,160.3,157.7,61.6
2021-05-05,0.085,0.111,0.691,1.668,158.29999999999998,155.7,60.6
2021-05-06,0.088,0.109,0.673,1.629,154.1,152.0,58.50000000000001
2021-05-07,0.082,0.103,0.666,1.609,152.7,150.6,58.400000000000006
2021-05-10,0.079,0.104,0.671,1.641,156.20000000000002,153.7,59.20000000000001
2021-05-11,0.074,0.099,0.674,1.652,157.79999999999998,155.29999999999998,60.00000000000001
2021-05-12,0.078,0.107,0.702,1.702,162.39999999999998,159.5,62.4
2021-05-13,0.077,0.108,0.735,1.741,166.4,163.3,65.8
2021-05-14,0.077,0.109,0.738,1.723,164.60000000000002,161.4,66.10000000000001
2021-05-17,0.077,0.111,0.726,1.679,160.20000000000002,156.8,64.9
2021-05-18,0.074,0.109,0.745,1.71,163.6,160.1,67.10000000000001
2021-05-19,0.071,0.108,0.743,1.701,163.0,159.3,67.2
2021-05-20,0.069,0.109,0.729,1.697,162.8,158.8,65.99999999999999
2021-05-21,0.07,0.106,0.701,1.664,159.39999999999998,155.79999999999998,63.1
2021-05-24,0.069,0.103,0.68,1.631,156.20000000000002,152.8,61.1
2021-05-25,0.066,0.098,0.669,1.617,155.1,151.89999999999998,60.3
2021-05-26,0.061,0.104,0.675,1.604,154.3,150.0,61.40000000000001
2021-05-27,0.057,0.098,0.669,1.563,150.6,146.5,61.199999999999996
2021-05-28,0.059,0.104,0.711,1.624,156.50000000000003,152.0,65.19999999999999
2021-05-31,0.055,0.101,0.716,1.645,159.0,154.4,66.1
2021-06-01,0.046,0.096,0.71,1.627,158.1,153.1,66.39999999999999
2021-06-02,0.046,0.098,0.718,1.617,157.1,151.89999999999998,67.19999999999999
2021-06-03,0.039,0.089,0.704,1.603,156.4,151.4,66.49999999999999
2021-06-04,0.043,0.106,0.737,1.624,158.10000000000002,151.8,69.39999999999999
2021-06-07,0.044,0.111,0.71,1.575,153.1,146.4,66.6
2021-06-08,0.047,0.114,0.706,1.551,150.4,143.7,65.89999999999999
2021-06-09,0.034,0.106,0.676,1.517,148.29999999999998,141.1,64.2
2021-06-10,0.012,0.089,0.633,1.435,142.3,134.60000000000002,62.1
2021-06-11,-0.001,0.083,0.62,1.436,143.7,135.3,62.1
2021-06-15,0.004,0.088,0.629,1.446,144.2,135.79999999999998,62.5
2021-06-16,0.005,0.095,0.649,1.494,148.9,139.9,64.4
2021-06-17,0.018,0.149,0.754,1.59,157.20000000000002,144.1,73.6
2021-06-18,0.066,0.184,0.789,1.546,148.0,136.20000000000002,72.30000000000001
2021-06-21,0.084,0.203,0.8,1.474,139.0,127.1,71.60000000000001
2021-06-22,0.074,0.203,0.82,1.545,147.1,134.2,74.6
2021-06-23,0.076,0.198,0.791,1.515,143.89999999999998,131.7,71.50000000000001
2021-06-24,0.07,0.193,0.782,1.522,145.2,132.9,71.2
2021-06-25,0.072,0.209,0.812,1.519,144.7,130.99999999999997,74.00000000000001
2021-06-28,0.07,0.202,0.789,1.539,146.89999999999998,133.7,71.9
2021-06-29,0.068,0.199,0.774,1.496,142.79999999999998,129.7,70.6
2021-06-30,0.065,0.197,0.77,1.486,142.1,128.9,70.5
2021-07-01,0.058,0.194,0.767,1.477,141.9,128.3,70.89999999999999
2021-07-02,0.057,0.186,0.741,1.434,137.7,124.8,68.39999999999999
2021-07-05,0.058,0.185,0.719,1.391,133.29999999999998,120.6,66.1
2021-07-06,0.067,0.224,0.787,1.428,136.1,120.39999999999999,72.0
2021-07-07,0.066,0.207,0.729,1.351,128.5,114.39999999999999,66.3
2021-07-08,0.064,0.189,0.682,1.282,121.8,109.3,61.80000000000001
2021-07-09,0.062,0.187,0.691,1.323,126.1,113.6,62.9
2021-07-12,0.056,0.166,0.643,1.279,122.29999999999998,111.3,58.699999999999996
2021-07-13,0.058,0.166,0.642,1.29,123.2,112.4,58.4
2021-07-14,0.047,0.161,0.663,1.304,125.70000000000002,114.3,61.6
2021-07-15,0.047,0.149,0.63,1.253,120.6,110.39999999999999,58.3
2021-07-16,0.045,0.151,0.633,1.248,120.30000000000001,109.7,58.8
2021-07-19,0.039,0.144,0.601,1.211,117.20000000000002,106.70000000000002,56.199999999999996
2021-07-20,0.029,0.122,0.559,1.149,112.00000000000001,102.70000000000002,53.0
2021-07-21,0.03,0.119,0.546,1.128,109.79999999999998,100.89999999999999,51.6
2021-07-22,0.028,0.128,0.576,1.158,112.99999999999999,102.99999999999999,54.79999999999999
2021-07-23,0.028,0.133,0.587,1.164,113.6,103.1,55.89999999999999
2021-07-26,0.031,0.137,0.575,1.15,111.9,101.29999999999998,54.39999999999999
2021-07-27,0.029,0.138,0.581,1.176,114.7,103.79999999999998,55.199999999999996
2021-07-28,0.025,0.126,0.549,1.122,109.70000000000002,99.60000000000001,52.400000000000006
2021-07-29,0.021,0.124,0.545,1.123,110.2,99.9,52.400000000000006
2021-07-30,0.022,0.131,0.558,1.149,112.7,101.8,53.6
2021-08-02,,,,,,,
2021-08-03,0.024,0.141,0.56,1.125,110.1,98.4,53.6
2021-08-04,0.024,0.143,0.557,1.116,109.2,97.30000000000001,53.300000000000004
2021-08-05,0.029,0.152,0.574,1.127,109.80000000000001,97.5,54.49999999999999
2021-08-06,0.04,0.17,0.606,1.163,112.3,99.3,56.599999999999994
2021-08-09,0.039,0.181,0.618,1.177,113.80000000000001,99.6,57.9
2021-08-10,0.04,0.185,0.616,1.174,113.39999999999999,98.89999999999999,57.599999999999994
2021-08-11,0.041,0.19,0.63,1.194,115.3,100.4,58.9
2021-08-12,0.04,0.179,0.607,1.16,111.99999999999999,98.1,56.699999999999996
2021-08-13,0.039,0.183,0.619,1.19,115.10000000000001,100.69999999999999,57.99999999999999
2021-08-16,0.033,0.157,0.572,1.132,109.89999999999999,97.49999999999999,53.89999999999999
2021-08-17,0.029,0.141,0.555,1.113,108.4,97.2,52.6
2021-08-18,0.027,0.133,0.546,1.114,108.70000000000002,98.10000000000001,51.9
2021-08-19,0.025,0.116,0.515,1.055,103.0,93.89999999999999,49.0
2021-08-20,0.011,0.103,0.501,1.056,104.50000000000001,95.30000000000001,49.0
2021-08-23,0.011,0.112,0.511,1.072,106.10000000000002,96.00000000000001,50.0
2021-08-24,0.013,0.133,0.55,1.128,111.5,99.49999999999999,53.7
2021-08-25,0.017,0.146,0.566,1.133,111.60000000000001,98.7,54.89999999999999
2021-08-26,0.017,0.159,0.593,1.164,114.7,100.49999999999999,57.599999999999994
2021-08-27,0.018,0.168,0.613,1.166,114.8,99.79999999999998,59.5
2021-08-30,0.016,0.146,0.578,1.136,111.99999999999999,98.99999999999999,56.199999999999996
2021-08-31,0.009,0.15,0.584,1.132,112.3,98.19999999999999,57.49999999999999
2021-09-01,0.009,0.18,0.641,1.222,121.30000000000001,104.2,63.2
2021-09-02,0.008,0.173,0.62,1.183,117.5,101.0,61.199999999999996
2021-09-03,0.008,0.177,0.628,1.2,119.19999999999999,102.3,62.0
2021-09-06,0.008,0.184,0.647,1.236,122.8,105.2,63.9
2021-09-07,0.009,0.187,0.651,1.236,122.7,104.89999999999999,64.2
2021-09-08,0.01,0.195,0.674,1.278,126.8,108.3,66.4
2021-09-09,0.01,0.192,0.666,1.25,124.0,105.80000000000001,65.60000000000001
2021-09-10,0.008,0.176,0.635,1.203,119.5,102.70000000000002,62.7
2021-09-13,0.006,0.175,0.644,1.256,125.0,108.1,63.800000000000004
2021-09-14,0.002,0.152,0.617,1.234,123.2,108.2,61.5
2021-09-15,0.007,0.137,0.587,1.189,118.20000000000002,105.2,57.99999999999999
2021-09-16,0.008,0.157,0.616,1.244,123.6,108.7,60.8
2021-09-17,0.008,0.171,0.644,1.284,127.60000000000001,111.3,63.6
2021-09-20,0.008,0.173,0.648,1.285,127.69999999999999,111.19999999999999,64.0
2021-09-21,0.008,0.162,0.626,1.252,124.4,109.00000000000001,61.8
2021-09-22,0.009,0.161,0.627,1.237,122.80000000000003,107.60000000000001,61.8
2021-09-23,0.009,0.177,0.641,1.243,123.40000000000002,106.60000000000001,63.2
2021-09-24,0.013,0.218,0.733,1.387,137.4,116.9,72.0
2021-09-27,0.016,0.219,0.73,1.393,137.7,117.39999999999999,71.39999999999999
2021-09-28,0.024,0.239,0.779,1.462,143.79999999999998,122.29999999999998,75.5
2021-09-29,0.026,0.233,0.777,1.467,144.1,123.4,75.1
2021-09-30,0.035,0.244,0.78,1.473,143.8,122.9,74.5
2021-10-01,0.039,0.263,0.791,1.473,143.4,121.0,75.2
2021-10-04,,,,,,,
2021-10-05,0.068,0.286,0.801,1.499,143.1,121.30000000000001,73.30000000000001
2021-10-06,0.084,0.321,0.853,1.593,150.89999999999998,127.2,76.9
2021-10-07,0.086,0.352,0.869,1.57,148.4,121.8,78.3
2021-10-08,0.086,0.391,0.935,1.624,153.8,123.30000000000001,84.9
2021-10-11,0.203,0.486,0.999,1.704,150.1,121.8,79.60000000000001
2021-10-12,0.096,0.485,1.038,1.71,161.39999999999998,122.50000000000001,94.2
2021-10-13,0.097,0.469,1.016,1.676,157.9,120.69999999999999,91.9
2021-10-14,0.098,0.472,1.001,1.613,151.5,114.1,90.3
2021-10-15,0.102,0.504,1.03,1.639,153.7,113.5,92.80000000000001
2021-10-18,0.13,0.679,1.193,1.733,160.3,105.4,106.30000000000001
2021-10-19,0.137,0.667,1.188,1.714,157.7,104.69999999999999,105.1
2021-10-20,0.144,0.663,1.21,1.799,165.5,113.6,106.60000000000001
2021-10-21,0.155,0.637,1.175,1.779,162.39999999999998,114.19999999999999,102.0
2021-10-22,0.121,0.645,1.194,1.79,166.9,114.5,107.3
2021-10-25,0.126,0.661,1.193,1.777,165.09999999999997,111.6,106.70000000000002
2021-10-26,0.144,0.694,1.225,1.798,165.4,110.4,108.10000000000002
2021-10-27,0.2,0.84,1.351,1.802,160.20000000000002,96.2,115.10000000000001
2021-10-28,0.496,1.053,1.469,1.833,133.7,78.0,97.30000000000001
2021-10-29,0.68,1.17,1.569,2.083,140.3,91.30000000000003,88.89999999999999
2021-11-01,0.64,0.979,1.364,1.9,125.99999999999997,92.1,72.4
2021-11-02,0.619,0.927,1.337,1.885,126.6,95.8,71.8
2021-11-03,0.57,0.899,1.326,1.846,127.60000000000002,94.7,75.60000000000001
2021-11-04,0.585,0.945,1.369,1.826,124.10000000000001,88.10000000000001,78.4
2021-11-05,0.545,0.905,1.337,1.806,126.10000000000001,90.10000000000001,79.19999999999999
2021-11-08,0.51,0.843,1.278,1.747,123.70000000000002,90.40000000000002,76.8
2021-11-09,0.506,0.86,1.312,1.778,127.2,91.8,80.60000000000001
2021-11-10,0.514,0.873,1.313,1.729,121.50000000000001,85.60000000000001,79.89999999999999
2021-11-11,0.6,0.996,1.418,1.808,120.80000000000001,81.2,81.8
2021-11-12,0.606,1.015,1.438,1.791,118.5,77.60000000000001,83.2
2021-11-15,0.577,0.96,1.388,1.766,118.9,80.60000000000001,81.1
2021-11-16,0.608,1.012,1.442,1.831,122.29999999999998,81.89999999999999,83.39999999999999
2021-11-17,0.58,0.983,1.419,1.858,127.8,87.50000000000001,83.9
2021-11-18,0.561,0.957,1.381,1.793,123.19999999999997,83.6,82.0
2021-11-19,0.567,0.955,1.392,1.809,124.2,85.39999999999999,82.5
2021-11-22,0.568,0.962,1.389,1.79,122.2,82.80000000000001,82.10000000000001
2021-11-23,0.607,1.013,1.449,1.867,126.0,85.4,84.2
2021-11-24,0.557,0.987,1.436,1.857,129.99999999999997,87.0,87.89999999999999
2021-11-25,0.567,1.033,1.473,1.868,130.10000000000002,83.50000000000001,90.60000000000001
2021-11-26,0.541,0.924,1.357,1.736,119.49999999999999,81.19999999999999,81.6
2021-11-29,0.526,0.913,1.345,1.743,121.7,83.0,81.89999999999999
2021-11-30,0.511,0.871,1.303,1.689,117.8,81.80000000000001,79.19999999999999
2021-12-01,0.545,0.933,1.355,1.728,118.29999999999998,79.5,81.0
2021-12-02,0.555,0.939,1.345,1.68,112.5,74.1,78.99999999999999
2021-12-03,0.543,0.911,1.306,1.61,106.70000000000002,69.9,76.3
2021-12-06,0.527,0.889,1.275,1.582,105.50000000000001,69.30000000000001,74.79999999999998
2021-12-07,0.552,0.976,1.362,1.648,109.59999999999998,67.19999999999999,81.0
2021-12-08,0.562,0.978,1.366,1.621,105.89999999999999,64.3,80.4
2021-12-09,0.546,0.972,1.37,1.679,113.3,70.7,82.4
2021-12-10,0.531,0.944,1.345,1.637,110.6,69.30000000000001,81.39999999999999
2021-12-13,0.521,0.92,1.316,1.605,108.4,68.5,79.5
2021-12-14,0.508,0.884,1.271,1.545,103.69999999999999,66.1,76.29999999999998
2021-12-15,0.528,0.938,1.313,1.563,103.49999999999999,62.5,78.49999999999999
2021-12-16,0.577,1.003,1.363,1.569,99.2,56.60000000000001,78.60000000000001
2021-12-17,0.577,0.997,1.367,1.588,101.10000000000001,59.10000000000001,79.0
2021-12-20,0.534,0.959,1.323,1.542,100.8,58.300000000000004,78.89999999999999
2021-12-21,0.53,0.965,1.348,1.601,107.1,63.6,81.80000000000001
2021-12-22,0.475,0.887,1.287,1.585,110.99999999999999,69.8,81.19999999999999
2021-12-23,0.483,0.902,1.298,1.591,110.80000000000001,68.89999999999999,81.5
2021-12-24,0.487,0.905,1.299,1.578,109.10000000000002,67.30000000000001,81.19999999999999
2021-12-29,0.477,0.858,1.245,1.534,105.69999999999999,67.60000000000001,76.80000000000001
2021-12-30,0.501,0.921,1.311,1.631,112.99999999999999,71.0,81.0
2021-12-31,0.509,0.951,1.34,1.666,115.7,71.5,83.10000000000001
2022-01-04,0.561,1.008,1.402,1.732,117.09999999999998,72.39999999999999,84.09999999999998
2022-01-05,0.575,1.01,1.42,1.768,119.30000000000001,75.8,84.5
2022-01-06,0.625,1.068,1.483,1.849,122.39999999999999,78.1,85.80000000000001
2022-01-07,0.615,1.041,1.465,1.838,122.30000000000001,79.70000000000002,85.00000000000001
2022-01-10,0.622,1.063,1.498,1.905,128.29999999999998,84.2,87.6
2022-01-11,0.62,1.046,1.484,1.881,126.10000000000001,83.5,86.4
2022-01-12,0.607,1.028,1.455,1.835,122.8,80.69999999999999,84.80000000000001
2022-01-13,0.636,1.044,1.469,1.846,121.0,80.2,83.30000000000001
2022-01-14,0.664,1.084,1.49,1.837,117.30000000000001,75.29999999999998,82.6
2022-01-17,0.715,1.14,1.547,1.903,118.80000000000001,76.30000000000001,83.2
2022-01-18,0.766,1.185,1.583,1.933,116.7,74.8,81.69999999999999
2022-01-19,0.797,1.228,1.628,1.983,118.6,75.50000000000001,83.09999999999998
2022-01-20,0.821,1.266,1.653,1.979,115.80000000000001,71.30000000000001,83.2
2022-01-21,0.773,1.197,1.576,1.905,113.20000000000002,70.8,80.30000000000001
2022-01-24,0.799,1.235,1.606,1.922,112.29999999999998,68.69999999999999,80.7
2022-01-25,0.848,1.29,1.645,1.93,108.19999999999999,63.99999999999999,79.7
2022-01-27,0.916,1.366,1.719,2.01,109.39999999999999,64.39999999999996,80.30000000000001
2022-01-28,0.876,1.306,1.645,1.928,105.2,62.19999999999999,76.9
2022-01-31,0.812,1.213,1.553,1.884,107.19999999999999,67.09999999999998,74.1
2022-02-01,0.797,1.232,1.568,1.89,109.3,65.8,77.10000000000001
2022-02-02,0.804,1.242,1.579,1.9,109.59999999999998,65.8,77.49999999999999
2022-02-03,0.791,1.224,1.552,1.857,106.59999999999998,63.3,76.1
2022-02-04,0.864,1.31,1.635,1.948,108.4,63.79999999999999,77.10000000000001
2022-02-07,0.93,1.388,1.707,1.984,105.39999999999998,59.60000000000001,77.7
2022-02-08,0.993,1.474,1.802,2.109,111.60000000000001,63.5,80.9
2022-02-09,0.985,1.465,1.794,2.094,110.9,62.89999999999998,80.9
2022-02-10,0.978,1.454,1.785,2.097,111.9,64.3,80.69999999999999
2022-02-11,1.084,1.592,1.914,2.202,111.79999999999998,60.999999999999986,82.99999999999999
2022-02-14,1.049,1.528,1.843,2.128,107.90000000000002,60.00000000000001,79.4
2022-02-15,1.116,1.581,1.904,2.179,106.29999999999997,59.79999999999998,78.79999999999998
2022-02-16,1.136,1.594,1.926,2.224,108.80000000000003,63.000000000000014,79.0
2022-02-17,1.09,1.56,1.895,2.2,111.00000000000001,64.00000000000001,80.5
2022-02-18,1.105,1.584,1.921,2.241,113.60000000000001,65.7,81.60000000000001
2022-02-21,1.094,1.566,1.901,2.212,111.80000000000001,64.60000000000001,80.69999999999999
2022-02-22,1.107,1.567,1.899,2.194,108.7,62.7,79.2
2022-02-23,1.161,1.652,1.982,2.263,110.19999999999999,61.1,82.1
2022-02-24,1.088,1.562,1.885,2.15,106.19999999999999,58.79999999999998,79.69999999999999
2022-02-25,1.127,1.615,1.943,2.226,109.89999999999999,61.1,81.60000000000001
2022-02-28,1.022,1.493,1.827,2.131,110.89999999999998,63.79999999999997,80.5
2022-03-01,1.021,1.496,1.847,2.182,116.10000000000001,68.6,82.60000000000001
2022-03-02,0.939,1.402,1.744,2.068,112.9,66.60000000000001,80.5
2022-03-03,1.016,1.499,1.833,2.159,114.29999999999998,65.99999999999997,81.69999999999999
2022-03-04,1.049,1.522,1.847,2.144,109.50000000000001,62.20000000000001,79.80000000000001
2022-03-07,1.061,1.525,1.84,2.129,106.80000000000001,60.400000000000006,77.90000000000002
2022-03-08,1.142,1.62,1.935,2.227,108.5,60.699999999999974,79.30000000000001
2022-03-09,1.193,1.697,2.023,2.312,111.89999999999998,61.49999999999998,83.0
2022-03-10,1.215,1.736,2.072,2.361,114.60000000000001,62.50000000000002,85.7
2022-03-11,1.244,1.771,2.107,2.393,114.89999999999998,62.19999999999999,86.30000000000003
2022-03-14,1.278,1.806,2.143,2.451,117.30000000000001,64.5,86.49999999999997
2022-03-15,1.28,1.821,2.177,2.511,123.10000000000001,69.00000000000001,89.7
2022-03-16,1.233,1.77,2.133,2.488,125.49999999999999,71.8,89.99999999999999
2022-03-17,1.288,1.836,2.182,2.5,121.2,66.39999999999999,89.39999999999999
2022-03-18,1.338,1.889,2.234,2.57,123.19999999999997,68.09999999999998,89.6
2022-03-21,1.349,1.914,2.247,2.576,122.7,66.20000000000002,89.8
2022-03-22,1.506,2.103,2.426,2.714,120.8,61.09999999999998,92.00000000000001
2022-03-23,1.521,2.152,2.472,2.769,124.80000000000003,61.7,95.10000000000001
2022-03-24,1.451,2.164,2.475,2.76,130.89999999999998,59.599999999999966,102.4
2022-03-25,1.533,2.181,2.493,2.771,123.8,58.999999999999986,96.0
2022-03-28,1.747,2.37,2.673,2.896,114.89999999999998,52.59999999999998,92.6
2022-03-29,1.864,2.445,2.725,2.891,102.69999999999999,44.600000000000016,86.1
2022-03-30,1.777,2.315,2.599,2.788,101.1,47.29999999999998,82.20000000000003
2022-03-31,1.761,2.307,2.602,2.836,107.5,52.89999999999999,84.1
2022-04-01,1.791,2.35,2.627,2.822,103.10000000000001,47.199999999999996,83.59999999999998
2022-04-04,1.809,2.357,2.628,2.828,101.89999999999999,47.099999999999966,81.90000000000002
2022-04-05,1.93,2.457,2.713,2.853,92.30000000000003,39.60000000000004,78.30000000000001
2022-04-06,2.073,2.535,2.784,2.928,85.5,39.29999999999998,71.09999999999998
2022-04-07,2.077,2.503,2.743,2.909,83.19999999999999,40.599999999999966,66.6
2022-04-08,2.097,2.519,2.755,2.959,86.20000000000002,43.99999999999999,65.8
2022-04-11,2.107,2.506,2.748,3.004,89.69999999999997,49.800000000000026,64.1
2022-04-12,2.142,2.543,2.796,3.078,93.6,53.49999999999997,65.39999999999999
2022-04-13,2.101,2.487,2.746,3.069,96.8,58.19999999999999,64.5
2022-04-14,2.005,2.361,2.622,2.967,96.20000000000002,60.59999999999999,61.7
2022-04-19,2.112,2.464,2.722,3.062,94.99999999999997,59.79999999999998,60.999999999999986
2022-04-20,2.188,2.544,2.797,3.107,91.9,56.30000000000002,60.9
2022-04-21,2.251,2.589,2.831,3.079,82.80000000000003,49.00000000000002,58.00000000000001
2022-04-22,2.38,2.692,2.916,3.126,74.6,43.39999999999997,53.6
2022-04-26,2.351,2.649,2.879,3.102,75.1,45.29999999999998,52.800000000000004
2022-04-27,2.383,2.676,2.861,3.053,67.0,37.699999999999974,47.80000000000002
2022-04-28,2.408,2.678,2.861,3.079,67.10000000000002,40.10000000000002,45.300000000000026
2022-04-29,2.451,2.708,2.895,3.119,66.80000000000001,41.1,44.39999999999999
2022-05-02,2.56,2.827,3.022,3.259,69.89999999999998,43.199999999999996,46.199999999999974
2022-05-03,2.764,3.018,3.196,3.394,63.000000000000036,37.60000000000004,43.20000000000004
2022-05-04,2.896,3.131,3.308,3.539,64.30000000000003,40.80000000000004,41.19999999999999
2022-05-05,2.725,2.961,3.141,3.387,66.19999999999999,42.600000000000016,41.599999999999994
2022-05-06,2.757,3.022,3.216,3.467,71.0,44.50000000000003,45.900000000000006
2022-05-09,2.77,3.041,3.257,3.562,79.19999999999999,52.099999999999994,48.70000000000001
2022-05-10,2.714,3.001,3.225,3.563,84.90000000000002,56.20000000000003,51.10000000000001
2022-05-11,2.679,2.956,3.168,3.503,82.40000000000003,54.70000000000002,48.900000000000034
2022-05-12,2.636,2.903,3.107,3.425,78.89999999999998,52.19999999999998,47.10000000000001
2022-05-13,2.564,2.824,3.047,3.401,83.69999999999997,57.699999999999996,48.30000000000001
2022-05-16,2.58,2.844,3.06,3.384,80.39999999999998,54.0,48.0
2022-05-17,2.603,2.878,3.089,3.404,80.09999999999997,52.59999999999998,48.59999999999998
2022-05-18,2.624,2.899,3.117,3.459,83.5,56.00000000000001,49.29999999999999
2022-05-19,2.564,2.857,3.059,3.383,81.89999999999999,52.59999999999998,49.500000000000014
2022-05-20,2.514,2.807,3.008,3.31,79.60000000000002,50.30000000000001,49.40000000000002
2022-05-23,2.533,2.826,3.025,3.326,79.30000000000001,50.0,49.2
2022-05-24,2.531,2.838,3.035,3.317,78.60000000000001,47.900000000000006,50.4
2022-05-25,2.423,2.745,2.95,3.24,81.70000000000002,49.500000000000014,52.70000000000002
2022-05-26,2.413,2.738,2.945,3.202,78.90000000000002,46.4,53.2
2022-05-27,2.445,2.772,2.977,3.253,80.80000000000003,48.10000000000003,53.2
2022-05-30,2.438,2.781,2.984,3.254,81.59999999999998,47.29999999999998,54.59999999999998
2022-05-31,2.519,2.863,3.075,3.352,83.29999999999997,48.89999999999999,55.60000000000001
2022-06-01,2.572,2.913,3.132,3.417,84.49999999999997,50.4,56.00000000000001
2022-06-02,2.677,3.009,3.225,3.498,82.10000000000002,48.900000000000034,54.800000000000004
2022-06-03,2.652,2.976,3.197,3.483,83.1,50.70000000000001,54.49999999999999
2022-06-06,2.669,3.002,3.219,3.484,81.5,48.20000000000002,54.999999999999986
2022-06-07,2.834,3.152,3.343,3.555,72.10000000000001,40.300000000000004,50.89999999999999
2022-06-08,2.781,3.105,3.303,3.545,76.39999999999998,43.99999999999999,52.19999999999998
2022-06-09,2.773,3.12,3.329,3.607,83.4,48.70000000000001,55.60000000000001
2022-06-10,2.791,3.146,3.363,3.674,88.3,52.800000000000004,57.2
2022-06-14,3.132,3.478,3.678,3.957,82.49999999999997,47.89999999999996,54.59999999999998
2022-06-15,3.365,3.719,3.92,4.2,83.5,48.10000000000003,55.49999999999997
2022-06-16,3.234,3.523,3.716,3.993,75.89999999999999,46.99999999999997,48.20000000000002
2022-06-17,3.358,3.656,3.85,4.128,77.0,47.199999999999996,49.2
2022-06-20,3.327,3.633,3.819,4.066,73.89999999999999,43.29999999999998,49.2
2022-06-21,3.222,3.583,3.788,4.065,84.30000000000004,48.20000000000002,56.59999999999998
2022-06-22,3.086,3.485,3.698,3.988,90.20000000000002,50.30000000000001,61.20000000000001
2022-06-23,2.985,3.381,3.581,3.855,87.00000000000001,47.40000000000002,59.60000000000001
2022-06-24,2.831,3.235,3.437,3.721,89.00000000000001,48.60000000000002,60.59999999999999
2022-06-27,2.902,3.31,3.509,3.778,87.6,46.8,60.699999999999974
2022-06-28,2.877,3.302,3.499,3.744,86.70000000000005,44.20000000000002,62.20000000000003
2022-06-29,2.81,3.233,3.434,3.695,88.49999999999997,46.199999999999974,62.40000000000001
2022-06-30,2.729,3.155,3.361,3.662,93.29999999999998,50.70000000000001,63.20000000000001
2022-07-01,2.588,3.005,3.234,3.597,100.89999999999999,59.20000000000001,64.6
2022-07-04,2.56,2.971,3.197,3.565,100.49999999999999,59.399999999999984,63.7
2022-07-05,2.581,2.98,3.187,3.553,97.2,57.3,60.59999999999999
2022-07-06,2.534,2.913,3.094,3.409,87.5,49.6,56.00000000000001
2022-07-07,2.589,2.955,3.141,3.473,88.39999999999999,51.79999999999998,55.2
2022-07-08,2.648,2.995,3.172,3.484,83.59999999999998,48.89999999999999,52.400000000000006
2022-07-11,2.68,3.01,3.192,3.515,83.5,50.500000000000036,51.2
2022-07-12,2.587,2.917,3.099,3.421,83.39999999999996,50.4,51.2
2022-07-13,2.57,2.908,3.087,3.393,82.3,48.499999999999986,51.70000000000003
2022-07-14,2.678,3.022,3.168,3.416,73.8,39.40000000000001,49.00000000000002
2022-07-15,2.671,3.017,3.155,3.413,74.2,39.599999999999994,48.4
2022-07-18,2.754,3.073,3.203,3.442,68.80000000000001,36.90000000000002,44.899999999999984
2022-07-19,2.856,3.169,3.299,3.517,66.10000000000001,34.79999999999998,44.300000000000004
2022-07-20,2.907,3.213,3.341,3.551,64.4,33.80000000000001,43.40000000000002
2022-07-21,2.917,3.227,3.356,3.578,66.10000000000001,35.099999999999994,43.900000000000006
2022-07-22,2.831,3.125,3.245,3.446,61.50000000000002,32.100000000000016,41.40000000000001
2022-07-25,2.775,3.054,3.168,3.359,58.400000000000006,30.500000000000014,39.300000000000026
2022-07-26,2.799,3.063,3.155,3.346,54.70000000000002,28.29999999999999,35.59999999999999
2022-07-27,2.687,2.945,3.036,3.253,56.60000000000003,30.800000000000026,34.90000000000002
2022-07-28,2.643,2.882,2.979,3.211,56.800000000000004,32.89999999999998,33.60000000000003
2022-07-29,2.485,2.692,2.801,3.063,57.800000000000026,37.1,31.60000000000003
2022-08-01,2.514,2.723,2.83,3.084,57.00000000000003,36.10000000000002,31.60000000000003
2022-08-02,2.512,2.67,2.753,2.985,47.29999999999998,31.499999999999993,24.10000000000001
2022-08-03,2.638,2.785,2.865,3.08,44.20000000000002,29.499999999999993,22.70000000000003
2022-08-04,2.712,2.859,2.935,3.151,43.89999999999996,29.19999999999998,22.299999999999986
2022-08-05,2.677,2.831,2.897,3.091,41.40000000000001,26.00000000000002,21.999999999999975
2022-08-08,2.777,2.959,3.033,3.221,44.39999999999999,26.200000000000003,25.59999999999998
2022-08-09,2.792,2.96,3.024,3.192,40.000000000000036,23.20000000000002,23.20000000000002
2022-08-10,2.846,3.011,3.076,3.251,40.49999999999998,23.99999999999998,23.0
2022-08-11,2.865,3.033,3.108,3.296,43.09999999999996,26.29999999999999,24.29999999999999
2022-08-12,2.948,3.126,3.224,3.435,48.70000000000001,30.900000000000016,27.600000000000023
2022-08-15,2.906,3.079,3.17,3.371,46.499999999999986,29.19999999999998,26.399999999999977
2022-08-16,2.782,2.956,3.035,3.232,45.000000000000014,27.600000000000023,25.30000000000001
2022-08-17,2.836,3.012,3.091,3.278,44.20000000000002,26.6,25.500000000000036
2022-08-18,2.883,3.06,3.142,3.341,45.80000000000002,28.100000000000016,25.89999999999999
2022-08-19,2.939,3.118,3.2,3.41,47.10000000000001,29.200000000000024,26.100000000000012
2022-08-22,3.041,3.223,3.311,3.525,48.4,30.200000000000003,27.0
2022-08-23,3.114,3.293,3.383,3.584,47.00000000000002,29.099999999999994,26.900000000000013
2022-08-24,3.089,3.272,3.381,3.634,54.49999999999999,36.20000000000001,29.19999999999998
2022-08-25,3.121,3.31,3.43,3.681,56.00000000000001,37.1,30.900000000000016
2022-08-26,3.041,3.233,3.34,3.581,54.0,34.79999999999998,29.89999999999999
2022-08-29,3.18,3.381,3.473,3.672,49.2,29.100000000000037,29.29999999999997
2022-08-30,3.091,3.287,3.386,3.61,51.89999999999997,32.3,29.499999999999993
2022-08-31,3.062,3.251,3.345,3.605,54.30000000000001,35.400000000000006,28.300000000000036
2022-09-01,3.135,3.328,3.426,3.689,55.40000000000003,36.10000000000002,29.100000000000037
2022-09-02,3.108,3.298,3.394,3.66,55.2,36.20000000000001,28.6
2022-09-05,3.103,3.287,3.386,3.654,55.09999999999997,36.7,28.29999999999999
2022-09-06,3.096,3.277,3.379,3.654,55.79999999999998,37.699999999999974,28.29999999999999
2022-09-07,3.134,3.309,3.42,3.71,57.60000000000001,40.09999999999998,28.6
2022-09-08,2.988,3.136,3.255,3.573,58.5,43.69999999999998,26.69999999999999
2022-09-09,3.013,3.156,3.273,3.568,55.500000000000014,41.19999999999999,26.00000000000002
2022-09-12,3.084,3.232,3.346,3.64,55.60000000000001,40.79999999999999,26.200000000000003
2022-09-13,3.035,3.187,3.294,3.578,54.29999999999997,39.1,25.89999999999999
2022-09-14,3.134,3.285,3.383,3.646,51.2,36.09999999999998,24.900000000000013
2022-09-15,3.215,3.364,3.454,3.692,47.70000000000003,32.800000000000026,23.900000000000034
2022-09-16,3.295,3.446,3.525,3.729,43.40000000000002,28.29999999999999,23.0
2022-09-19,3.257,3.405,3.478,3.685,42.8,28.000000000000025,22.10000000000001
2022-09-20,3.218,3.363,3.445,3.642,42.39999999999999,27.89999999999999,22.69999999999999
2022-09-21,3.218,3.362,3.452,3.677,45.900000000000006,31.499999999999993,23.4
2022-09-23,3.477,3.629,3.716,3.919,44.20000000000002,29.000000000000004,23.900000000000034
2022-09-26,3.614,3.764,3.839,3.993,37.9,22.90000000000001,22.500000000000007
2022-09-27,3.575,3.725,3.829,4.032,45.69999999999999,30.699999999999996,25.4
2022-09-28,3.572,3.732,3.858,4.102,53.00000000000003,37.000000000000014,28.6
2022-09-29,3.484,3.639,3.743,3.946,46.20000000000002,30.70000000000004,25.89999999999999
2022-09-30,3.422,3.573,3.686,3.892,46.99999999999997,31.899999999999995,26.399999999999977
2022-10-03,,,,,,,
2022-10-04,3.114,3.259,3.418,3.726,61.20000000000001,46.70000000000001,30.400000000000027
2022-10-05,3.064,3.222,3.367,3.631,56.699999999999974,40.89999999999998,30.299999999999994
2022-10-06,3.18,3.343,3.491,3.769,58.9,42.600000000000016,31.099999999999994
2022-10-07,3.228,3.407,3.56,3.844,61.599999999999966,43.69999999999998,33.19999999999999
2022-10-10,3.228,3.412,3.568,3.863,63.49999999999998,45.10000000000001,33.999999999999986
2022-10-11,3.337,3.524,3.698,4.032,69.49999999999999,50.8,36.09999999999998
2022-10-12,3.265,3.451,3.621,3.943,67.8,49.2,35.59999999999999
2022-10-13,3.258,3.443,3.628,3.999,74.10000000000001,55.60000000000001,37.000000000000014
2022-10-14,3.349,3.53,3.687,4.003,65.39999999999999,47.30000000000003,33.79999999999996
2022-10-17,3.351,3.526,3.693,4.018,66.69999999999999,49.2,34.20000000000001
2022-10-18,3.294,3.447,3.603,3.915,62.1,46.8,30.900000000000016
2022-10-19,3.366,3.502,3.653,3.941,57.49999999999997,43.900000000000006,28.699999999999992
2022-10-20,3.488,3.618,3.773,4.055,56.699999999999974,43.69999999999998,28.500000000000014
2022-10-21,3.617,3.744,3.907,4.195,57.800000000000026,45.10000000000001,29.000000000000004
2022-10-24,3.488,3.6,3.792,4.146,65.8,54.59999999999998,30.399999999999984
2022-10-25,3.442,3.549,3.733,4.072,62.999999999999986,52.30000000000001,29.099999999999994
2022-10-26,3.365,3.466,3.621,3.915,54.999999999999986,44.899999999999984,25.59999999999998
2022-10-27,3.284,3.366,3.52,3.827,54.30000000000001,46.09999999999999,23.600000000000023
2022-10-28,3.198,3.274,3.427,3.731,53.29999999999999,45.69999999999999,22.90000000000001
2022-10-31,3.22,3.285,3.441,3.751,53.099999999999966,46.59999999999997,22.099999999999966
2022-11-01,3.183,3.248,3.413,3.76,57.699999999999996,51.19999999999996,23.0
2022-11-02,3.265,3.34,3.5,3.806,54.099999999999994,46.60000000000002,23.499999999999986
2022-11-03,3.37,3.456,3.612,3.916,54.59999999999998,46.0,24.2
2022-11-04,3.261,3.344,3.512,3.846,58.5,50.200000000000024,25.099999999999987
2022-11-07,3.271,3.363,3.548,3.903,63.20000000000001,54.0,27.700000000000014
2022-11-08,3.398,3.502,3.692,4.033,63.50000000000002,53.10000000000006,29.400000000000006
2022-11-09,3.298,3.396,3.568,3.863,56.49999999999999,46.70000000000001,27.0
2022-11-10,3.158,3.25,3.421,3.716,55.800000000000026,46.60000000000002,26.29999999999999
2022-11-11,3.08,3.162,3.333,3.654,57.399999999999984,49.2,25.30000000000001
2022-11-14,3.171,3.259,3.433,3.763,59.20000000000001,50.4,26.200000000000003
2022-11-15,3.19,3.281,3.45,3.757,56.70000000000002,47.599999999999994,26.00000000000002
2022-11-16,3.162,3.248,3.415,3.723,56.099999999999994,47.499999999999964,25.30000000000001
2022-11-17,3.102,3.183,3.339,3.615,51.30000000000003,43.20000000000004,23.70000000000001
2022-11-18,3.118,3.204,3.35,3.61,49.2,40.599999999999966,23.20000000000002
2022-11-21,3.104,3.196,3.338,3.56,45.599999999999994,36.39999999999999,23.4
2022-11-22,3.132,3.227,3.352,3.567,43.50000000000001,34.00000000000003,21.999999999999975
2022-11-23,3.195,3.273,3.371,3.566,37.1,29.29999999999997,17.600000000000016
2022-11-24,3.169,3.245,3.334,3.522,35.299999999999976,27.699999999999967,16.500000000000004
2022-11-25,3.204,3.265,3.365,3.552,34.79999999999998,28.699999999999992,16.1
2022-11-28,3.137,3.196,3.298,3.492,35.5,29.59999999999998,16.1
2022-11-29,3.175,3.231,3.36,3.582,40.7,35.099999999999994,18.500000000000007
2022-11-30,3.107,3.161,3.266,3.508,40.09999999999998,34.699999999999996,15.89999999999998
2022-12-01,3.024,3.084,3.212,3.459,43.50000000000001,37.5,18.80000000000002
2022-12-02,2.96,3.02,3.131,3.37,41.000000000000014,35.00000000000001,17.09999999999998
2022-12-05,2.956,3.009,3.119,3.345,38.90000000000002,33.60000000000003,16.300000000000026
2022-12-06,3.013,3.088,3.179,3.377,36.39999999999999,28.89999999999997,16.599999999999994
2022-12-07,2.998,3.07,3.159,3.336,33.79999999999996,26.6,16.09999999999996
2022-12-08,2.982,3.063,3.155,3.346,36.39999999999999,28.29999999999999,17.29999999999996
2022-12-09,2.935,3.023,3.114,3.276,34.09999999999997,25.29999999999997,17.899999999999984
2022-12-12,2.971,3.072,3.175,3.362,39.1,29.000000000000004,20.399999999999974
2022-12-13,3.011,3.127,3.216,3.382,37.1,25.500000000000036,20.500000000000007
2022-12-14,2.963,3.081,3.161,3.344,38.09999999999998,26.29999999999999,19.799999999999997
2022-12-15,3.067,3.16,3.244,3.438,37.1,27.800000000000004,17.700000000000003
2022-12-16,3.057,3.149,3.225,3.436,37.9,28.699999999999992,16.800000000000015
2022-12-19,3.11,3.196,3.307,3.514,40.39999999999999,31.79999999999996,19.700000000000006
2022-12-20,3.223,3.299,3.412,3.707,48.4,40.79999999999999,18.900000000000006
2022-12-21,3.148,3.228,3.365,3.704,55.60000000000001,47.599999999999994,21.70000000000001
2022-12-22,3.213,3.28,3.426,3.775,56.19999999999998,49.500000000000014,21.300000000000008
2022-12-23,3.263,3.325,3.472,3.805,54.200000000000024,48.0,20.900000000000006
2022-12-28,3.429,3.498,3.697,4.014,58.50000000000004,51.6,26.800000000000026
2022-12-29,3.422,3.493,3.672,4.004,58.19999999999994,51.099999999999966,25.0
2022-12-30,3.42,3.502,3.682,4.029,60.9,52.70000000000002,26.200000000000003
2023-01-03,3.397,3.473,3.661,3.98,58.30000000000002,50.70000000000001,26.400000000000023
2023-01-04,3.357,3.427,3.601,3.883,52.59999999999998,45.599999999999994,24.399999999999977
2023-01-05,3.363,3.418,3.58,3.815,45.199999999999996,39.69999999999998,21.70000000000001
2023-01-06,3.389,3.438,3.557,3.799,41.000000000000014,36.09999999999998,16.800000000000015
2023-01-09,3.266,3.304,3.436,3.702,43.599999999999994,39.80000000000001,16.999999999999993
2023-01-10,3.257,3.295,3.43,3.697,43.99999999999999,40.20000000000002,17.300000000000004
2023-01-11,3.263,3.308,3.445,3.698,43.50000000000001,39.000000000000014,18.199999999999996
2023-01-12,3.132,3.184,3.304,3.576,44.39999999999999,39.19999999999999,17.19999999999997
2023-01-13,3.128,3.189,3.316,3.574,44.59999999999997,38.49999999999998,18.799999999999972
2023-01-16,3.142,3.19,3.314,3.577,43.50000000000001,38.7,17.200000000000017
2023-01-17,3.134,3.181,3.308,3.588,45.40000000000002,40.7,17.39999999999999
2023-01-18,3.083,3.145,3.252,3.529,44.59999999999997,38.39999999999999,16.89999999999996
2023-01-19,2.893,2.939,3.032,3.306,41.300000000000026,36.7,13.900000000000023
2023-01-20,2.93,2.978,3.071,3.381,45.099999999999966,40.299999999999955,14.100000000000001
2023-01-23,2.97,3.017,3.121,3.434,46.4,41.700000000000024,15.09999999999998
2023-01-24,2.972,3.028,3.129,3.448,47.599999999999994,41.99999999999999,15.700000000000003
2023-01-25,3.081,3.122,3.206,3.49,40.90000000000003,36.80000000000003,12.5
2023-01-27,3.145,3.19,3.272,3.543,39.80000000000001,35.30000000000002,12.699999999999978
2023-01-30,3.12,3.174,3.27,3.52,39.99999999999999,34.60000000000001,14.999999999999991
2023-01-31,3.105,3.168,3.27,3.535,43.000000000000014,36.7,16.500000000000004
2023-02-01,3.123,3.189,3.284,3.555,43.199999999999996,36.60000000000001,16.09999999999996
2023-02-02,3.07,3.131,3.212,3.526,45.599999999999994,39.5,14.200000000000035
2023-02-03,2.944,2.993,3.07,3.368,42.39999999999999,37.5,12.599999999999989
2023-02-06,3.025,3.083,3.17,3.446,42.10000000000002,36.3,14.500000000000002
2023-02-07,3.179,3.238,3.321,3.581,40.20000000000002,34.3,14.200000000000035
2023-02-08,3.204,3.257,3.333,3.6,39.599999999999994,34.3,12.9
2023-02-09,3.273,3.326,3.395,3.657,38.39999999999999,33.099999999999994,12.199999999999989
2023-02-10,3.353,3.403,3.466,3.696,34.3,29.300000000000015,11.299999999999999
2023-02-13,3.406,3.453,3.521,3.747,34.09999999999997,29.400000000000006,11.499999999999977
2023-02-14,3.402,3.437,3.521,3.727,32.49999999999997,29.000000000000004,11.899999999999977
2023-02-15,3.407,3.448,3.519,3.726,31.899999999999995,27.800000000000004,11.20000000000001
2023-02-16,3.402,3.429,3.509,3.747,34.49999999999997,31.800000000000004,10.699999999999976
2023-02-17,3.452,3.479,3.551,3.808,35.59999999999999,32.89999999999998,9.90000000000002
2023-02-20,3.493,3.523,3.598,3.799,30.600000000000005,27.59999999999998,10.499999999999998
2023-02-21,3.52,3.546,3.608,3.804,28.39999999999998,25.8,8.800000000000008
2023-02-22,3.539,3.561,3.627,3.863,32.399999999999984,30.200000000000003,8.799999999999963
2023-02-23,3.56,3.585,3.649,3.875,31.499999999999993,29.000000000000004,8.899999999999997
2023-02-24,3.534,3.554,3.612,3.815,28.100000000000016,26.100000000000012,7.800000000000029
2023-02-27,3.602,3.625,3.682,3.865,26.300000000000033,24.00000000000002,8.000000000000007
2023-02-28,3.558,3.59,3.66,3.841,28.300000000000036,25.100000000000033,10.200000000000031
2023-03-01,3.469,3.5,3.568,3.777,30.800000000000026,27.700000000000014,9.90000000000002
2023-03-02,3.528,3.559,3.609,3.852,32.399999999999984,29.29999999999997,8.099999999999996
2023-03-03,3.563,3.591,3.635,3.894,33.099999999999994,30.299999999999994,7.199999999999962
2023-03-06,3.477,3.502,3.55,3.757,28.000000000000025,25.500000000000036,7.299999999999995
2023-03-07,3.346,3.361,3.411,3.677,33.099999999999994,31.599999999999984,6.499999999999995
2023-03-08,3.435,3.454,3.506,3.738,30.299999999999994,28.39999999999998,7.099999999999973
2023-03-09,3.407,3.427,3.478,3.704,29.700000000000017,27.700000000000014,7.100000000000017
2023-03-10,3.307,3.328,3.381,3.577,27.0,24.900000000000013,7.399999999999984
2023-03-13,3.182,3.204,3.267,3.514,33.19999999999999,30.99999999999996,8.499999999999996
2023-03-14,3.026,3.045,3.15,3.444,41.80000000000001,39.900000000000006,12.400000000000011
2023-03-15,3.049,3.077,3.167,3.429,37.999999999999986,35.19999999999999,11.799999999999988
2023-03-16,2.783,2.847,2.968,3.327,54.400000000000006,48.0,18.500000000000007
2023-03-17,2.95,3.008,3.096,3.387,43.69999999999998,37.9,14.59999999999999
2023-03-20,2.759,2.831,2.92,3.234,47.50000000000001,40.300000000000004,16.1
2023-03-21,2.739,2.811,2.917,3.184,44.50000000000003,37.300000000000026,17.799999999999994
2023-03-22,2.92,2.984,3.096,3.359,43.900000000000006,37.5,17.600000000000016
2023-03-23,2.847,2.906,3.018,3.285,43.80000000000002,37.9,17.09999999999998
2023-03-24,2.783,2.842,2.946,3.213,43.000000000000014,37.1,16.300000000000026
2023-03-27,2.735,2.797,2.899,3.188,45.300000000000026,39.1,16.400000000000013
2023-03-28,2.846,2.902,3.001,3.292,44.59999999999997,38.99999999999997,15.49999999999998
2023-03-29,2.842,2.904,3.003,3.278,43.599999999999994,37.40000000000001,16.1
2023-03-30,2.921,2.981,3.068,3.352,43.10000000000001,37.1,14.700000000000024
2023-03-31,2.866,2.939,3.024,3.293,42.7,35.400000000000006,15.799999999999992
2023-04-03,2.902,2.98,3.052,3.319,41.69999999999998,33.9,14.999999999999991
2023-04-04,2.819,2.892,2.959,3.255,43.599999999999994,36.3,14.000000000000012
2023-04-05,2.818,2.895,2.953,3.275,45.69999999999999,37.999999999999986,13.499999999999979
2023-04-06,2.741,2.816,2.867,3.181,43.99999999999999,36.50000000000002,12.599999999999989
2023-04-11,2.794,2.873,2.932,3.221,42.7,34.79999999999998,13.79999999999999
2023-04-12,2.828,2.904,2.962,3.24,41.20000000000004,33.60000000000003,13.400000000000034
2023-04-13,2.868,2.941,2.999,3.27,40.20000000000002,32.90000000000002,13.100000000000023
2023-04-14,2.873,2.949,3.012,3.319,44.59999999999997,37.000000000000014,13.899999999999979
2023-04-17,2.912,2.99,3.041,3.367,45.50000000000001,37.699999999999974,12.9
2023-04-18,3.008,3.086,3.148,3.469,46.09999999999999,38.3,14.000000000000012
2023-04-19,3.086,3.174,3.242,3.509,42.300000000000004,33.5,15.600000000000014
2023-04-20,3.078,3.163,3.23,3.495,41.700000000000024,33.20000000000003,15.200000000000014
2023-04-21,3.029,3.124,3.185,3.462,43.300000000000026,33.80000000000001,15.600000000000014
2023-04-24,3.036,3.123,3.186,3.446,41.000000000000014,32.3,14.999999999999991
2023-04-26,2.861,2.947,3.015,3.302,44.09999999999998,35.5,15.399999999999991
2023-04-27,2.932,3.013,3.092,3.366,43.40000000000002,35.30000000000002,16.000000000000014
2023-04-28,2.932,2.997,3.065,3.335,40.300000000000004,33.80000000000001,13.3
2023-05-01,2.94,3.007,3.052,3.351,41.1,34.399999999999984,11.20000000000001
2023-05-02,3.153,3.185,3.201,3.442,28.900000000000013,25.70000000000001,4.800000000000004
2023-05-03,3.119,3.127,3.146,3.408,28.89999999999997,28.100000000000016,2.699999999999969
2023-05-04,2.975,2.976,3.023,3.303,32.79999999999998,32.699999999999996,4.800000000000004
2023-05-05,2.957,2.958,3.01,3.318,36.10000000000002,35.999999999999986,5.299999999999994
2023-05-08,3.06,3.066,3.111,3.398,33.80000000000001,33.20000000000003,5.100000000000016
2023-05-09,3.093,3.094,3.138,3.448,35.5,35.400000000000006,4.499999999999993
2023-05-10,3.129,3.122,3.157,3.452,32.3,33.00000000000001,2.8000000000000025
2023-05-11,3.072,3.065,3.097,3.388,31.599999999999984,32.3,2.499999999999991
2023-05-12,3.033,3.017,3.039,3.324,29.099999999999994,30.699999999999996,0.6000000000000227
2023-05-15,3.137,3.112,3.123,3.429,29.19999999999998,31.699999999999974,-1.399999999999979
2023-05-16,3.146,3.101,3.112,3.409,26.29999999999999,30.799999999999983,-3.399999999999981
2023-05-17,3.169,3.131,3.132,3.429,25.99999999999998,29.800000000000004,-3.699999999999992
2023-05-18,3.268,3.21,3.203,3.488,22.00000000000002,27.800000000000004,-6.499999999999995
2023-05-19,3.374,3.316,3.326,3.593,21.899999999999984,27.700000000000014,-4.800000000000004
2023-05-22,3.365,3.305,3.307,3.587,22.199999999999996,28.200000000000003,-5.800000000000027
2023-05-23,3.425,3.374,3.378,3.652,22.70000000000003,27.800000000000004,-4.699999999999971
2023-05-24,3.386,3.335,3.346,3.648,26.200000000000003,31.30000000000002,-4.0000000000000036
2023-05-25,3.481,3.411,3.408,3.702,22.10000000000001,29.099999999999994,-7.299999999999995
2023-05-26,3.51,3.44,3.44,3.732,22.200000000000042,29.200000000000024,-6.999999999999984
2023-05-29,3.5,3.43,3.429,3.703,20.299999999999983,27.29999999999997,-7.100000000000017
2023-05-30,3.495,3.428,3.431,3.682,18.69999999999998,25.4,-6.400000000000006
2023-05-31,3.449,3.366,3.361,3.607,15.800000000000036,24.10000000000001,-8.799999999999963
2023-06-01,3.48,3.376,3.366,3.616,13.600000000000012,24.00000000000002,-11.399999999999988
2023-06-02,3.557,3.426,3.403,3.646,8.899999999999997,21.999999999999975,-15.399999999999991
2023-06-05,3.671,3.563,3.54,3.786,11.500000000000021,22.299999999999986,-13.099999999999978
2023-06-06,3.757,3.636,3.599,3.805,4.800000000000004,16.900000000000006,-15.799999999999992
2023-06-07,3.803,3.693,3.644,3.83,2.7000000000000135,13.700000000000001,-15.89999999999998
2023-06-08,3.959,3.869,3.828,4.014,5.500000000000016,14.500000000000002,-13.100000000000023
2023-06-09,3.926,3.821,3.779,3.952,2.59999999999998,13.099999999999978,-14.700000000000024
2023-06-13,3.93,3.831,3.774,3.938,0.8000000000000007,10.70000000000002,-15.600000000000014
2023-06-14,4.001,3.914,3.864,3.977,-2.4000000000000465,6.299999999999972,-13.700000000000045
2023-06-15,4.105,4.007,3.942,4.005,-10.000000000000053,-0.19999999999997797,-16.300000000000026
2023-06-16,4.123,4.01,3.938,4.029,-9.40000000000003,1.9000000000000128,-18.500000000000007
2023-06-19,4.103,3.991,3.916,3.974,-12.899999999999956,-1.6999999999999904,-18.69999999999998
2023-06-20,4.082,3.971,3.898,4.029,-5.299999999999994,5.799999999999983,-18.39999999999997
2023-06-21,4.043,3.933,3.863,3.985,-5.800000000000027,5.200000000000005,-18.000000000000014
2023-06-22,4.074,3.962,3.885,3.979,-9.499999999999975,1.6999999999999904,-18.900000000000006
2023-06-23,4.13,4.009,3.92,3.99,-13.999999999999968,-1.9000000000000128,-20.999999999999996
2023-06-26,4.053,3.931,3.844,3.952,-10.099999999999998,2.0999999999999908,-20.900000000000006
2023-06-27,4.032,3.912,3.827,3.932,-10.000000000000009,2.0000000000000018,-20.500000000000007
2023-06-28,3.97,3.853,3.776,3.872,-9.800000000000031,1.8999999999999684,-19.40000000000004
2023-06-29,4.024,3.913,3.83,3.902,-12.199999999999989,-1.0999999999999677,-19.399999999999995
2023-06-30,4.146,4.031,3.941,4.025,-12.099999999999955,-0.5999999999999339,-20.500000000000007
2023-07-03,4.088,3.969,3.882,3.961,-12.700000000000022,-0.8000000000000007,-20.599999999999994
2023-07-04,4.11,3.996,3.919,4.003,-10.70000000000002,0.7000000000000117,-19.10000000000003
2023-07-05,4.115,3.993,3.918,3.997,-11.800000000000033,0.40000000000000036,-19.700000000000006
2023-07-06,4.242,4.118,4.049,4.12,-12.199999999999989,0.19999999999997797,-19.29999999999996
2023-07-07,4.355,4.24,4.177,4.253,-10.200000000000031,1.29999999999999,-17.800000000000082
2023-07-10,4.332,4.22,4.166,4.282,-4.999999999999982,6.200000000000028,-16.599999999999948
2023-07-11,4.229,4.121,4.068,4.178,-5.100000000000016,5.6999999999999496,-16.100000000000048
2023-07-12,4.171,4.072,4.022,4.122,-4.900000000000038,4.999999999999982,-14.900000000000002
2023-07-13,4.058,3.97,3.914,4.044,-1.4000000000000234,7.39999999999994,-14.399999999999968
2023-07-14,4.003,3.912,3.858,3.99,-1.29999999999999,7.800000000000029,-14.500000000000002
2023-07-17,4.011,3.92,3.863,3.979,-3.200000000000003,5.900000000000016,-14.800000000000013
2023-07-18,3.98,3.888,3.825,3.97,-0.9999999999999787,8.20000000000003,-15.49999999999998
2023-07-19,3.891,3.802,3.733,3.861,-2.9999999999999805,5.900000000000016,-15.799999999999992
2023-07-20,4.005,3.919,3.83,3.944,-6.099999999999994,2.499999999999991,-17.499999999999982
2023-07-21,4.035,3.957,3.876,4.004,-3.1000000000000583,4.699999999999971,-15.900000000000025
2023-07-24,4.008,3.925,3.846,3.989,-1.9000000000000128,6.400000000000006,-16.199999999999992
2023-07-25,4.05,3.975,3.89,4.024,-2.59999999999998,4.899999999999993,-15.99999999999997
2023-07-26,3.981,3.902,3.835,4.005,2.400000000000002,10.299999999999976,-14.59999999999999
2023-07-27,3.904,3.813,3.748,3.919,1.5000000000000124,10.599999999999987,-15.59999999999997
2023-07-28,3.969,3.891,3.847,4.061,9.200000000000008,16.999999999999993,-12.199999999999989
2023-07-31,3.973,3.871,3.82,4.052,7.899999999999974,18.09999999999996,-15.300000000000002
2023-08-01,3.85,3.753,3.709,3.968,11.799999999999988,21.499999999999986,-14.100000000000001
2023-08-02,3.84,3.764,3.742,4.017,17.70000000000005,25.300000000000054,-9.799999999999986
2023-08-03,3.856,3.778,3.782,4.096,24.00000000000002,31.800000000000004,-7.399999999999984
2023-08-04,3.942,3.878,3.89,4.185,24.299999999999944,30.69999999999995,-5.200000000000005
2023-08-07,3.89,3.827,3.831,4.122,23.199999999999974,29.499999999999993,-5.900000000000016
2023-08-08,3.809,3.73,3.745,4.006,19.700000000000006,27.600000000000023,-6.400000000000006
2023-08-09,3.808,3.731,3.732,3.987,17.900000000000027,25.600000000000023,-7.599999999999962
2023-08-10,3.849,3.775,3.779,4.036,18.69999999999994,26.099999999999966,-7.000000000000028
2023-08-11,3.889,3.825,3.837,4.101,21.200000000000017,27.59999999999998,-5.19999999999996
2023-08-14,3.963,3.903,3.921,4.185,22.199999999999953,28.19999999999996,-4.200000000000026
2023-08-15,4.007,3.96,3.985,4.25,24.300000000000033,29.000000000000004,-2.1999999999999797
2023-08-16,3.962,3.911,3.937,4.2,23.799999999999997,28.900000000000013,-2.5000000000000355
2023-08-17,4.011,3.969,4.015,4.312,30.100000000000016,34.30000000000004,0.39999999999995595
2023-08-18,3.936,3.889,3.936,4.223,28.699999999999992,33.400000000000006,0.0
2023-08-21,3.941,3.898,3.952,4.254,31.299999999999972,35.599999999999945,1.100000000000012
2023-08-22,3.939,3.906,3.964,4.26,32.09999999999997,35.39999999999996,2.499999999999991
2023-08-23,3.896,3.866,3.916,4.185,28.89999999999997,31.89999999999995,2.0000000000000018
2023-08-24,3.843,3.809,3.842,4.106,26.29999999999999,29.69999999999997,-0.09999999999998899
2023-08-25,3.893,3.849,3.89,4.151,25.8,30.19999999999996,-0.29999999999996696
2023-08-28,3.919,3.858,3.893,4.132,21.29999999999996,27.399999999999956,-2.6000000000000245
2023-08-29,3.909,3.821,3.854,4.091,18.20000000000004,27.0,-5.499999999999972
2023-08-30,3.864,3.783,3.819,4.063,19.899999999999984,27.99999999999998,-4.499999999999993
2023-08-31,3.821,3.735,3.763,4.018,19.69999999999996,28.29999999999999,-5.800000000000027
2023-09-01,3.81,3.727,3.75,3.998,18.80000000000002,27.100000000000037,-6.000000000000005
2023-09-04,3.85,3.794,3.827,4.083,23.30000000000001,28.900000000000013,-2.300000000000013
2023-09-05,3.851,3.803,3.84,4.127,27.59999999999998,32.399999999999984,-1.100000000000012
2023-09-06,3.84,3.792,3.832,4.122,28.200000000000003,33.00000000000001,-0.8000000000000007
2023-09-07,3.883,3.841,3.874,4.152,26.900000000000013,31.099999999999994,-0.8999999999999897
2023-09-08,3.836,3.781,3.806,4.077,24.10000000000001,29.59999999999998,-2.9999999999999805
2023-09-11,3.873,3.832,3.864,4.154,28.09999999999997,32.2,-0.9000000000000341
2023-09-12,3.876,3.843,3.874,4.161,28.49999999999997,31.79999999999996,-0.19999999999997797
2023-09-13,3.883,3.852,3.878,4.143,25.99999999999998,29.099999999999994,-0.49999999999998934
2023-09-14,3.874,3.828,3.85,4.109,23.499999999999986,28.100000000000016,-2.400000000000002
2023-09-15,3.869,3.832,3.85,4.098,22.899999999999963,26.6,-1.9000000000000128
2023-09-18,3.935,3.906,3.933,4.207,27.19999999999998,30.099999999999973,-0.20000000000002238
2023-09-19,3.92,3.885,3.909,4.161,24.099999999999966,27.59999999999998,-1.100000000000012
2023-09-20,3.973,3.938,3.964,4.211,23.800000000000043,27.30000000000001,-0.8999999999999897
2023-09-21,4.069,4.041,4.061,4.295,22.599999999999998,25.399999999999956,-0.8000000000000007
2023-09-22,4.059,4.029,4.062,4.332,27.29999999999997,30.299999999999994,0.30000000000001137
2023-09-25,4.034,4.0,4.033,4.307,27.300000000000058,30.70000000000004,-0.09999999999994458
2023-09-26,4.076,4.056,4.095,4.394,31.80000000000005,33.80000000000001,1.9000000000000128
2023-09-27,4.047,4.035,4.07,4.37,32.30000000000004,33.5,2.3000000000000576
2023-09-28,4.104,4.104,4.141,4.449,34.49999999999997,34.49999999999997,3.699999999999992
2023-09-29,4.083,4.078,4.127,4.479,39.599999999999994,40.09999999999998,4.3999999999999595
2023-10-02,,,,,,,
2023-10-03,4.099,4.084,4.149,4.531,43.199999999999946,44.7,4.999999999999982
2023-10-04,4.144,4.135,4.229,4.652,50.8,51.70000000000003,8.499999999999996
2023-10-05,4.06,4.033,4.129,4.562,50.20000000000007,52.89999999999999,6.899999999999995
2023-10-06,4.023,3.996,4.097,4.534,51.10000000000001,53.79999999999998,7.400000000000073
2023-10-09,3.982,3.947,4.059,4.512,52.999999999999936,56.49999999999995,7.699999999999996
2023-10-10,3.954,3.921,4.024,4.449,49.499999999999964,52.800000000000004,6.999999999999984
2023-10-11,4.006,3.935,4.031,4.421,41.5,48.60000000000002,2.4999999999999467
2023-10-12,3.996,3.906,3.997,4.364,36.79999999999999,45.799999999999976,0.09999999999998899
2023-10-13,4.049,3.944,4.049,4.458,40.89999999999998,51.40000000000002,0.0
2023-10-16,4.054,3.951,4.057,4.451,39.69999999999993,49.99999999999996,0.30000000000001137
2023-10-17,4.187,4.088,4.185,4.542,35.49999999999996,45.39999999999998,-0.2000000000000668
2023-10-18,4.275,4.169,4.275,4.644,36.89999999999998,47.50000000000006,0.0
2023-10-19,4.316,4.234,4.368,4.778,46.199999999999974,54.39999999999996,5.200000000000049
2023-10-20,4.291,4.204,4.344,4.742,45.099999999999966,53.800000000000026,5.299999999999994
2023-10-23,4.293,4.214,4.362,4.778,48.49999999999994,56.39999999999992,6.899999999999995
2023-10-24,4.225,4.147,4.287,4.685,46.0,53.79999999999994,6.200000000000028
2023-10-25,4.345,4.246,4.364,4.715,37.000000000000014,46.89999999999994,1.9000000000000128
2023-10-26,4.405,4.334,4.47,4.869,46.39999999999995,53.500000000000014,6.49999999999995
2023-10-27,4.386,4.313,4.437,4.809,42.300000000000004,49.600000000000044,5.100000000000016
2023-10-30,4.439,4.363,4.487,4.869,42.99999999999997,50.59999999999994,4.800000000000004
2023-10-31,4.468,4.403,4.53,4.924,45.60000000000004,52.10000000000008,6.200000000000028
2023-11-01,4.467,4.411,4.537,4.942,47.50000000000006,53.10000000000006,7.000000000000028
2023-11-02,4.371,4.306,4.412,4.786,41.499999999999915,47.99999999999996,4.099999999999948
2023-11-03,4.35,4.277,4.369,4.718,36.80000000000003,44.09999999999998,1.9000000000000128
2023-11-06,4.342,4.269,4.362,4.718,37.60000000000004,44.899999999999984,2.000000000000046
2023-11-07,4.308,4.243,4.335,4.69,38.20000000000006,44.7,2.7000000000000135
2023-11-08,4.228,4.156,4.24,4.579,35.099999999999994,42.300000000000004,1.2000000000000455
2023-11-09,4.23,4.159,4.218,4.528,29.799999999999915,36.89999999999998,-1.2000000000000455
2023-11-10,4.3,4.239,4.303,4.618,31.80000000000005,37.90000000000005,0.30000000000001137
2023-11-13,4.346,4.286,4.352,4.666,32.00000000000003,38.00000000000008,0.6000000000000227
2023-11-14,4.347,4.287,4.351,4.661,31.399999999999917,37.39999999999996,0.39999999999995595
2023-11-15,4.241,4.172,4.227,4.53,28.90000000000006,35.800000000000054,-1.3999999999999346
2023-11-16,4.234,4.172,4.231,4.55,31.599999999999984,37.80000000000001,-0.30000000000001137
2023-11-17,4.16,4.086,4.141,4.465,30.49999999999997,37.899999999999956,-1.9000000000000128
2023-11-20,4.189,4.124,4.181,4.506,31.700000000000017,38.20000000000006,-0.8000000000000007
2023-11-21,4.159,4.094,4.142,4.447,28.800000000000026,35.299999999999976,-1.699999999999946
2023-11-22,4.152,4.084,4.137,4.446,29.39999999999996,36.20000000000001,-1.5000000000000568
2023-11-23,4.207,4.141,4.188,4.481,27.400000000000002,33.999999999999986,-1.9000000000000128
2023-11-24,4.25,4.19,4.24,4.545,29.499999999999993,35.49999999999996,-0.9999999999999787
2023-11-27,4.274,4.217,4.268,4.564,29.000000000000004,34.700000000000045,-0.6000000000000227
2023-11-28,4.227,4.158,4.207,4.495,26.79999999999998,33.699999999999974,-2.000000000000046
2023-11-29,4.096,4.012,4.061,4.361,26.499999999999968,34.90000000000002,-3.500000000000014
2023-11-30,4.103,4.012,4.074,4.411,30.799999999999983,39.900000000000006,-2.8999999999999915
2023-12-01,4.153,4.07,4.139,4.49,33.70000000000006,41.99999999999999,-1.3999999999999346
2023-12-04,4.112,4.031,4.1,4.447,33.5,41.60000000000004,-1.2000000000000455
2023-12-05,4.073,3.99,4.056,4.412,33.89999999999995,42.199999999999974,-1.7000000000000348
2023-12-06,3.974,3.883,3.937,4.283,30.900000000000016,40.000000000000036,-3.7000000000000366
2023-12-07,4.01,3.922,3.974,4.338,32.800000000000026,41.599999999999994,-3.599999999999959
2023-12-08,3.99,3.902,3.956,4.294,30.399999999999938,39.199999999999946,-3.4000000000000252
2023-12-11,4.034,3.952,4.006,4.339,30.50000000000006,38.700000000000045,-2.799999999999958
2023-12-12,4.023,3.942,3.996,4.327,30.400000000000027,38.49999999999998,-2.699999999999969
2023-12-13,4.019,3.935,3.981,4.287,26.79999999999998,35.19999999999999,-3.8000000000000256
2023-12-14,3.844,3.748,3.799,4.133,28.900000000000013,38.49999999999998,-4.499999999999993
2023-12-15,3.868,3.782,3.826,4.14,27.19999999999998,35.79999999999997,-4.1999999999999815
2023-12-18,3.789,3.706,3.736,4.057,26.800000000000026,35.100000000000044,-5.299999999999994
2023-12-19,3.838,3.762,3.795,4.111,27.29999999999997,34.89999999999998,-4.300000000000015
2023-12-20,3.784,3.704,3.738,4.046,26.200000000000045,34.20000000000001,-4.599999999999982
2023-12-21,3.746,3.666,3.702,4.017,27.100000000000037,35.100000000000044,-4.400000000000004
2023-12-22,3.737,3.655,3.698,4.007,26.999999999999957,35.19999999999999,-3.9000000000000146
2023-12-27,3.693,3.613,3.656,3.973,27.99999999999998,35.999999999999986,-3.699999999999992
2023-12-28,3.652,3.564,3.599,3.893,24.099999999999966,32.89999999999998,-5.299999999999994
2023-12-29,3.691,3.605,3.645,3.958,26.700000000000035,35.30000000000002,-4.599999999999982
2024-01-02,3.724,3.634,3.676,3.999,27.499999999999993,36.50000000000002,-4.800000000000004
2024-01-03,3.795,3.702,3.741,4.048,25.30000000000001,34.60000000000001,-5.399999999999983
2024-01-04,3.793,3.701,3.743,4.053,25.99999999999998,35.19999999999999,-5.000000000000027
2024-01-05,3.854,3.765,3.815,4.136,28.200000000000003,37.1,-3.9000000000000146
2024-01-08,3.892,3.803,3.851,4.16,26.800000000000026,35.70000000000002,-4.0999999999999925
2024-01-09,3.828,3.735,3.787,4.106,27.800000000000004,37.1,-4.0999999999999925
2024-01-10,3.838,3.745,3.797,4.12,28.200000000000003,37.5,-4.0999999999999925
2024-01-11,3.829,3.734,3.789,4.109,27.99999999999998,37.5,-4.0000000000000036
2024-01-12,3.775,3.678,3.736,4.075,30.00000000000003,39.700000000000024,-3.89999999999997
2024-01-15,3.755,3.658,3.724,4.08,32.500000000000014,42.20000000000002,-3.0999999999999694
2024-01-16,3.814,3.724,3.792,4.154,33.999999999999986,42.99999999999997,-2.200000000000024
2024-01-17,3.862,3.78,3.848,4.213,35.099999999999994,43.300000000000026,-1.4000000000000234
2024-01-18,3.915,3.838,3.905,4.267,35.20000000000003,42.90000000000003,-1.000000000000023
2024-01-19,3.93,3.855,3.925,4.296,36.60000000000001,44.10000000000003,-0.5000000000000338
2024-01-22,3.905,3.827,3.889,4.232,32.70000000000004,40.50000000000003,-1.6000000000000014
2024-01-23,3.862,3.779,3.837,4.193,33.09999999999995,41.39999999999997,-2.499999999999991
2024-01-24,3.873,3.796,3.863,4.233,35.99999999999994,43.69999999999998,-1.000000000000023
2024-01-25,3.874,3.795,3.865,4.247,37.299999999999976,45.199999999999996,-0.8999999999999897
2024-01-29,3.822,3.746,3.821,4.218,39.599999999999994,47.199999999999996,-0.09999999999998899
2024-01-30,3.791,3.707,3.768,4.144,35.30000000000002,43.70000000000003,-2.300000000000013
2024-01-31,3.642,3.558,3.624,4.015,37.299999999999976,45.69999999999999,-1.7999999999999794
2024-02-01,3.646,3.56,3.63,4.016,37.000000000000014,45.599999999999994,-1.6000000000000014
2024-02-02,3.628,3.54,3.612,3.982,35.400000000000006,44.20000000000002,-1.6000000000000014
2024-02-05,3.744,3.665,3.737,4.099,35.5,43.40000000000002,-0.7000000000000117
2024-02-06,3.763,3.684,3.756,4.129,36.599999999999966,44.49999999999994,-0.7000000000000117
2024-02-07,3.719,3.645,3.714,4.091,37.20000000000003,44.600000000000016,-0.49999999999998934
2024-02-08,3.738,3.662,3.735,4.111,37.299999999999976,44.899999999999984,-0.30000000000001137
2024-02-09,3.763,3.691,3.761,4.13,36.7,43.900000000000006,-0.19999999999997797
2024-02-12,3.82,3.75,3.815,4.166,34.60000000000005,41.60000000000004,-0.49999999999998934
2024-02-13,3.828,3.758,3.825,4.175,34.699999999999996,41.69999999999998,-0.29999999999996696
2024-02-14,3.913,3.854,3.918,4.268,35.5,41.39999999999997,0.5000000000000338
2024-02-15,3.784,3.726,3.788,4.14,35.59999999999999,41.39999999999997,0.40000000000000036
2024-02-16,3.833,3.775,3.843,4.199,36.599999999999966,42.39999999999999,0.9999999999999787
2024-02-19,3.814,3.755,3.823,4.174,36.00000000000003,41.90000000000005,0.8999999999999897
2024-02-20,3.802,3.746,3.819,4.185,38.299999999999955,43.89999999999996,1.6999999999999904
2024-02-21,3.78,3.726,3.8,4.175,39.5,44.899999999999984,2.0000000000000018
2024-02-22,3.79,3.734,3.803,4.16,37.000000000000014,42.600000000000016,1.29999999999999
2024-02-23,3.835,3.785,3.851,4.201,36.599999999999966,41.59999999999995,1.6000000000000014
2024-02-26,3.767,3.714,3.772,4.106,33.9,39.19999999999999,0.49999999999998934
2024-02-27,3.774,3.721,3.786,4.136,36.20000000000001,41.5,1.200000000000001
2024-02-28,3.781,3.732,3.803,4.171,39.000000000000014,43.900000000000006,2.1999999999999797
2024-02-29,3.754,3.702,3.774,4.141,38.7,43.900000000000006,2.0000000000000018
2024-03-01,3.764,3.712,3.782,4.146,38.20000000000001,43.39999999999997,1.8000000000000238
2024-03-04,3.732,3.682,3.752,4.106,37.39999999999996,42.39999999999999,1.9999999999999574
2024-03-05,3.732,3.682,3.748,4.096,36.39999999999999,41.40000000000001,1.6000000000000014
2024-03-06,3.677,3.624,3.683,4.012,33.49999999999995,38.79999999999995,0.5999999999999783
2024-03-07,3.696,3.633,3.691,4.014,31.800000000000004,38.10000000000002,-0.5000000000000338
2024-03-08,3.666,3.602,3.66,3.978,31.200000000000028,37.60000000000004,-0.5999999999999783
2024-03-11,3.648,3.586,3.642,3.957,30.89999999999997,37.1,-0.6000000000000227
2024-03-12,3.643,3.583,3.644,3.951,30.800000000000026,36.79999999999999,0.1000000000000334
2024-03-13,3.706,3.647,3.712,4.023,31.699999999999974,37.59999999999999,0.6000000000000227
2024-03-14,3.74,3.681,3.748,4.062,32.2,38.10000000000002,0.8000000000000007
2024-03-15,3.803,3.743,3.813,4.139,33.60000000000003,39.60000000000004,1.000000000000023
2024-03-18,3.797,3.736,3.805,4.116,31.89999999999995,37.99999999999994,0.8000000000000007
2024-03-19,3.738,3.669,3.744,4.087,34.89999999999998,41.79999999999997,0.6000000000000227
2024-03-20,3.725,3.651,3.713,4.056,33.099999999999994,40.50000000000003,-1.200000000000001
2024-03-21,3.778,3.699,3.756,4.095,31.699999999999974,39.599999999999994,-2.200000000000024
2024-03-22,3.747,3.663,3.712,4.041,29.40000000000005,37.800000000000054,-3.49999999999997
2024-03-25,3.714,3.633,3.682,4.011,29.700000000000017,37.80000000000001,-3.200000000000003
2024-03-26,3.717,3.64,3.692,4.031,31.399999999999963,39.09999999999996,-2.499999999999991
2024-03-27,3.697,3.62,3.668,4.007,30.99999999999996,38.69999999999996,-2.8999999999999915
2024-03-28,3.666,3.589,3.633,3.968,30.200000000000003,37.9,-3.299999999999992
2024-04-02,3.714,3.653,3.711,4.067,35.30000000000002,41.40000000000001,-0.30000000000001137
2024-04-03,3.772,3.713,3.773,4.136,36.400000000000034,42.300000000000004,0.1000000000000334
2024-04-04,3.803,3.741,3.804,4.174,37.100000000000044,43.300000000000026,0.09999999999998899
2024-04-05,3.75,3.681,3.74,4.095,34.49999999999997,41.39999999999997,-0.9999999999999787
2024-04-08,3.817,3.757,3.824,4.192,37.5,43.50000000000001,0.6999999999999673
2024-04-09,3.788,3.725,3.795,4.168,38.000000000000036,44.300000000000004,0.7000000000000117
2024-04-10,3.762,3.697,3.758,4.113,35.100000000000044,41.60000000000004,-0.40000000000000036
2024-04-11,3.888,3.832,3.894,4.251,36.30000000000004,41.90000000000005,0.6000000000000227
2024-04-12,3.904,3.849,3.911,4.262,35.79999999999997,41.29999999999994,0.7000000000000117
2024-04-15,3.896,3.841,3.903,4.257,36.09999999999998,41.59999999999995,0.7000000000000117
2024-04-16,3.941,3.888,3.958,4.326,38.49999999999998,43.79999999999997,1.7000000000000348
2024-04-17,3.993,3.945,4.018,4.379,38.599999999999966,43.39999999999997,2.499999999999991
2024-04-18,3.916,3.864,3.93,4.275,35.90000000000004,41.10000000000005,1.4000000000000234
2024-04-19,3.878,3.825,3.896,4.251,37.300000000000026,42.600000000000016,1.7999999999999794
2024-04-22,3.931,3.883,3.957,4.315,38.400000000000034,43.20000000000004,2.59999999999998
2024-04-23,3.894,3.846,3.913,4.266,37.19999999999999,41.99999999999999,1.8999999999999684
2024-04-24,4.077,4.031,4.089,4.404,32.699999999999996,37.300000000000026,1.2000000000000455
2024-04-26,4.183,4.138,4.203,4.518,33.5,37.999999999999986,2.000000000000046
2024-04-29,4.157,4.106,4.171,4.484,32.699999999999996,37.80000000000001,1.4000000000000234
2024-04-30,4.094,4.034,4.098,4.42,32.599999999999966,38.60000000000001,0.39999999999995595
2024-05-01,4.171,4.112,4.178,4.505,33.39999999999996,39.29999999999998,0.6999999999999673
2024-05-02,4.121,4.062,4.127,4.445,32.399999999999984,38.3,0.5999999999999339
2024-05-03,4.092,4.033,4.096,4.416,32.40000000000008,38.3,0.40000000000004476
2024-05-06,4.082,4.023,4.081,4.377,29.499999999999993,35.400000000000006,-0.09999999999994458
2024-05-07,3.974,3.914,3.976,4.304,33.00000000000001,39.000000000000014,0.19999999999997797
2024-05-08,3.995,3.934,3.987,4.29,29.499999999999993,35.59999999999999,-0.8000000000000007
2024-05-09,4.038,3.984,4.039,4.344,30.600000000000005,36.00000000000003,0.09999999999994458
2024-05-10,4.017,3.965,4.017,4.319,30.19999999999996,35.400000000000006,0.0
2024-05-13,4.018,3.966,4.016,4.325,30.70000000000004,35.9,-0.19999999999997797
2024-05-14,4.009,3.957,4.01,4.325,31.599999999999984,36.80000000000003,0.09999999999994458
2024-05-15,4.011,3.957,4.005,4.314,30.299999999999994,35.70000000000002,-0.6000000000000227
2024-05-16,3.895,3.836,3.882,4.185,28.999999999999957,34.89999999999998,-1.29999999999999
2024-05-17,3.9,3.843,3.894,4.211,31.100000000000037,36.80000000000003,-0.5999999999999783
2024-05-20,3.93,3.874,3.925,4.236,30.59999999999996,36.19999999999997,-0.5000000000000338
2024-05-21,3.949,3.893,3.939,4.251,30.20000000000005,35.800000000000054,-0.9999999999999787
2024-05-22,3.991,3.932,3.976,4.285,29.400000000000006,35.30000000000002,-1.5000000000000124
2024-05-23,3.99,3.93,3.962,4.255,26.499999999999968,32.49999999999997,-2.8000000000000025
2024-05-24,4.038,3.98,4.014,4.308,26.999999999999957,32.79999999999998,-2.400000000000002
2024-05-27,4.018,3.96,3.995,4.279,26.100000000000012,31.899999999999995,-2.2999999999999687
2024-05-28,4.012,3.951,3.986,4.259,24.700000000000077,30.800000000000026,-2.5999999999999357
2024-05-29,4.124,4.066,4.112,4.398,27.400000000000002,33.19999999999999,-1.1999999999999567
2024-05-30,4.135,4.075,4.132,4.433,29.800000000000004,35.79999999999997,-0.30000000000001137
2024-05-31,4.107,4.045,4.102,4.408,30.100000000000016,36.30000000000004,-0.49999999999998934
2024-06-03,4.078,4.016,4.072,4.368,29.000000000000004,35.20000000000003,-0.6000000000000227
2024-06-04,4.03,3.966,4.019,4.304,27.400000000000002,33.80000000000001,-1.100000000000012
2024-06-05,3.993,3.927,3.973,4.245,25.200000000000024,31.800000000000004,-2.0000000000000018
2024-06-06,3.973,3.905,3.952,4.225,25.199999999999978,31.999999999999986,-2.0999999999999908
2024-06-07,3.962,3.893,3.94,4.22,25.799999999999955,32.699999999999996,-2.200000000000024
2024-06-11,4.039,3.972,4.027,4.324,28.500000000000014,35.19999999999999,-1.1999999999999567
2024-06-12,4.007,3.941,3.992,4.279,27.200000000000024,33.80000000000001,-1.499999999999968
2024-06-13,3.949,3.878,3.924,4.19,24.100000000000055,31.200000000000028,-2.499999999999991
2024-06-14,3.888,3.81,3.858,4.124,23.599999999999977,31.399999999999963,-2.9999999999999805
2024-06-17,3.865,3.79,3.839,4.112,24.69999999999999,32.2,-2.6000000000000245
2024-06-18,3.919,3.844,3.888,4.155,23.600000000000023,31.100000000000037,-3.100000000000014
2024-06-19,3.968,3.895,3.929,4.181,21.300000000000008,28.6,-3.9000000000000146
2024-06-20,3.987,3.913,3.947,4.205,21.799999999999997,29.200000000000024,-4.0000000000000036
2024-06-21,3.989,3.912,3.943,4.213,22.40000000000002,30.100000000000016,-4.599999999999982
2024-06-24,4.006,3.929,3.956,4.218,21.199999999999974,28.900000000000013,-5.000000000000027
2024-06-25,3.997,3.922,3.941,4.203,20.60000000000004,28.100000000000016,-5.600000000000005
2024-06-26,4.175,4.097,4.097,4.313,13.79999999999999,21.59999999999993,-7.79999999999994
2024-06-27,4.238,4.161,4.168,4.411,17.299999999999915,25.0,-7.000000000000028
2024-06-28,4.145,4.074,4.077,4.312,16.70000000000007,23.800000000000043,-6.799999999999962
2024-07-01,4.185,4.12,4.135,4.385,20.000000000000018,26.499999999999968,-4.999999999999982
2024-07-02,4.194,4.13,4.147,4.41,21.60000000000002,28.000000000000025,-4.699999999999971
2024-07-03,4.215,4.149,4.166,4.43,21.499999999999986,28.09999999999997,-4.899999999999949
2024-07-04,4.217,4.152,4.163,4.416,19.900000000000073,26.400000000000023,-5.399999999999938
2024-07-05,4.216,4.15,4.165,4.405,18.900000000000006,25.49999999999999,-5.100000000000016
2024-07-08,4.182,4.111,4.125,4.362,17.99999999999997,25.100000000000033,-5.700000000000038
2024-07-09,4.174,4.102,4.114,4.348,17.39999999999995,24.599999999999955,-6.00000000000005
2024-07-10,4.146,4.074,4.091,4.348,20.199999999999996,27.400000000000002,-5.499999999999972
2024-07-11,4.175,4.102,4.119,4.377,20.199999999999996,27.499999999999947,-5.600000000000005
2024-07-12,4.121,4.046,4.066,4.328,20.699999999999985,28.200000000000003,-5.50000000000006
2024-07-15,4.111,4.036,4.063,4.328,21.700000000000053,29.20000000000007,-4.800000000000004
2024-07-16,4.042,3.958,3.983,4.255,21.300000000000008,29.69999999999997,-5.899999999999972
2024-07-17,4.047,3.959,3.982,4.26,21.300000000000008,30.099999999999973,-6.49999999999995
2024-07-18,4.065,3.975,3.991,4.244,17.899999999999938,26.89999999999997,-7.400000000000029
2024-07-19,4.083,3.995,4.015,4.289,20.59999999999995,29.39999999999996,-6.8000000000000504
2024-07-22,4.093,4.004,4.03,4.313,21.999999999999975,30.900000000000016,-6.299999999999972
2024-07-23,4.132,4.042,4.07,4.354,22.200000000000042,31.200000000000028,-6.199999999999939
2024-07-24,4.121,4.032,4.054,4.333,21.199999999999974,30.100000000000016,-6.700000000000017
2024-07-25,4.064,3.973,4.006,4.318,25.399999999999956,34.49999999999997,-5.799999999999983
2024-07-26,4.059,3.973,4.003,4.313,25.399999999999956,33.999999999999986,-5.600000000000005
2024-07-29,4.049,3.962,3.99,4.279,22.999999999999954,31.699999999999974,-5.900000000000016
2024-07-30,4.055,3.97,3.997,4.284,22.90000000000001,31.399999999999963,-5.799999999999983
2024-07-31,3.831,3.746,3.79,4.12,28.900000000000013,37.40000000000001,-4.0999999999999925
2024-08-01,3.81,3.726,3.769,4.092,28.19999999999996,36.599999999999966,-4.0999999999999925
2024-08-02,3.753,3.668,3.723,4.056,30.299999999999994,38.79999999999999,-3.000000000000025
2024-08-05,3.64,3.554,3.627,3.983,34.3,42.90000000000003,-1.3000000000000345
2024-08-06,3.706,3.625,3.69,4.026,31.999999999999986,40.09999999999998,-1.6000000000000014
2024-08-07,3.751,3.673,3.74,4.087,33.59999999999999,41.39999999999997,-1.0999999999999677
2024-08-08,3.717,3.641,3.719,4.076,35.899999999999956,43.49999999999996,0.19999999999997797
2024-08-09,3.723,3.647,3.724,4.065,34.20000000000005,41.80000000000006,0.1000000000000334
2024-08-12,3.729,3.658,3.726,4.056,32.699999999999996,39.80000000000001,-0.30000000000001137
2024-08-13,3.689,3.618,3.685,4.012,32.299999999999955,39.39999999999997,-0.40000000000000036
2024-08-14,3.592,3.523,3.591,3.938,34.60000000000001,41.5,-0.09999999999998899
2024-08-15,3.56,3.491,3.555,3.882,32.2,39.1,-0.49999999999998934
2024-08-16,3.626,3.559,3.617,3.937,31.099999999999994,37.79999999999997,-0.8999999999999897
2024-08-19,3.611,3.547,3.603,3.922,31.099999999999994,37.5,-0.8000000000000007
2024-08-20,3.645,3.585,3.641,3.957,31.19999999999998,37.19999999999999,-0.40000000000000036
2024-08-21,3.587,3.526,3.578,3.898,31.099999999999994,37.20000000000003,-0.9000000000000341
2024-08-22,3.566,3.504,3.564,3.892,32.60000000000001,38.79999999999999,-0.19999999999997797
2024-08-23,3.595,3.538,3.602,3.927,33.19999999999999,38.90000000000002,0.6999999999999673
2024-08-26,3.503,3.439,3.517,3.863,35.999999999999986,42.39999999999999,1.399999999999979
2024-08-27,3.56,3.498,3.576,3.917,35.699999999999974,41.89999999999996,1.6000000000000014
2024-08-28,3.601,3.536,3.606,3.937,33.59999999999999,40.09999999999998,0.49999999999998934
2024-08-29,3.611,3.544,3.616,3.961,34.999999999999964,41.69999999999998,0.49999999999998934
2024-08-30,3.616,3.543,3.616,3.976,35.999999999999986,43.29999999999998,0.0
2024-09-02,3.675,3.597,3.668,4.021,34.60000000000001,42.39999999999999,-0.6999999999999673
2024-09-03,3.665,3.587,3.656,4.011,34.60000000000001,42.39999999999999,-0.8999999999999897
2024-09-04,3.637,3.557,3.616,3.961,32.399999999999984,40.39999999999999,-2.0999999999999908
2024-09-05,3.609,3.526,3.585,3.936,32.699999999999996,41.000000000000014,-2.400000000000002
2024-09-06,3.568,3.487,3.542,3.89,32.2,40.300000000000004,-2.6000000000000245
2024-09-09,3.615,3.536,3.6,3.966,35.099999999999994,43.000000000000014,-1.5000000000000124
2024-09-10,3.591,3.51,3.565,3.918,32.699999999999996,40.80000000000004,-2.6000000000000245
2024-09-11,3.548,3.466,3.517,3.859,31.099999999999994,39.29999999999998,-3.100000000000014
2024-09-12,3.573,3.491,3.535,3.863,29.000000000000004,37.19999999999999,-3.799999999999981
2024-09-13,3.503,3.421,3.471,3.827,32.399999999999984,40.600000000000016,-3.200000000000003
2024-09-16,3.476,3.397,3.448,3.823,34.699999999999996,42.600000000000016,-2.8000000000000025
2024-09-17,3.494,3.417,3.471,3.843,34.89999999999998,42.600000000000016,-2.300000000000013
2024-09-18,3.519,3.447,3.504,3.872,35.299999999999976,42.499999999999986,-1.5000000000000124
2024-09-19,3.59,3.518,3.577,3.939,34.90000000000002,42.10000000000002,-1.29999999999999
2024-09-20,3.569,3.497,3.56,3.93,36.10000000000002,43.300000000000026,-0.8999999999999897
2024-09-23,3.6,3.533,3.602,3.968,36.79999999999999,43.50000000000001,0.19999999999997797
2024-09-24,3.485,3.425,3.505,3.9,41.5,47.50000000000001,2.0000000000000018
2024-09-25,3.51,3.454,3.534,3.919,40.90000000000003,46.499999999999986,2.400000000000002
2024-09-26,3.547,3.49,3.571,3.952,40.49999999999998,46.199999999999974,2.400000000000002
2024-09-27,3.574,3.517,3.599,3.972,39.80000000000001,45.50000000000001,2.5000000000000355
2024-09-30,3.583,3.528,3.612,3.987,40.39999999999999,45.900000000000006,2.8999999999999915
2024-10-01,3.606,3.552,3.635,3.996,39.000000000000014,44.39999999999999,2.8999999999999915
2024-10-02,3.557,3.501,3.582,3.941,38.39999999999999,43.99999999999999,2.499999999999991
2024-10-03,3.598,3.547,3.628,4.0,40.20000000000002,45.29999999999998,3.000000000000025
2024-10-04,3.657,3.613,3.698,4.063,40.599999999999966,44.99999999999997,4.0999999999999925
2024-10-07,,,,,,,
2024-10-08,3.777,3.73,3.808,4.155,37.80000000000001,42.50000000000003,3.0999999999999694
2024-10-09,3.79,3.739,3.822,4.181,39.1,44.20000000000002,3.200000000000003
2024-10-10,3.834,3.784,3.866,4.215,38.09999999999998,43.10000000000001,3.200000000000003
2024-10-11,3.819,3.775,3.858,4.22,40.09999999999998,44.499999999999986,3.9000000000000146
2024-10-14,3.85,3.803,3.893,4.264,41.40000000000001,46.10000000000003,4.2999999999999705
2024-10-15,3.837,3.793,3.881,4.244,40.69999999999996,45.099999999999966,4.3999999999999595
2024-10-16,3.797,3.754,3.838,4.196,39.899999999999956,44.199999999999974,4.0999999999999925
2024-10-17,3.849,3.809,3.888,4.239,38.99999999999997,42.99999999999997,3.89999999999997
2024-10-18,3.886,3.846,3.928,4.298,41.19999999999999,45.199999999999996,4.1999999999999815
2024-10-21,3.854,3.815,3.896,4.264,41.000000000000014,44.90000000000003,4.1999999999999815
2024-10-22,3.967,3.931,4.02,4.423,45.599999999999994,49.2,5.299999999999949
2024-10-23,3.984,3.959,4.052,4.457,47.29999999999998,49.799999999999976,6.799999999999962
2024-10-24,3.959,3.937,4.033,4.442,48.30000000000001,50.500000000000036,7.400000000000029
2024-10-25,3.928,3.907,4.003,4.403,47.499999999999964,49.59999999999995,7.500000000000018
2024-10-28,3.995,3.976,4.074,4.472,47.70000000000003,49.600000000000044,7.899999999999974
2024-10-29,3.969,3.947,4.044,4.438,46.899999999999984,49.099999999999966,7.499999999999973
2024-10-30,3.987,3.964,4.063,4.458,47.10000000000001,49.40000000000002,7.599999999999962
2024-10-31,4.038,4.02,4.116,4.496,45.80000000000002,47.60000000000009,7.79999999999994
2024-11-01,4.056,4.047,4.145,4.531,47.499999999999964,48.4,8.899999999999952
2024-11-04,4.053,4.046,4.15,4.552,49.89999999999996,50.59999999999994,9.700000000000042
2024-11-05,4.077,4.08,4.183,4.556,47.900000000000006,47.599999999999994,10.599999999999987
2024-11-06,4.122,4.128,4.235,4.62,49.800000000000026,49.2,11.300000000000043
2024-11-07,4.119,4.128,4.237,4.631,51.200000000000045,50.30000000000001,11.800000000000033
2024-11-08,4.078,4.08,4.183,4.571,49.29999999999994,49.099999999999966,10.499999999999954
2024-11-11,4.098,4.1,4.198,4.571,47.29999999999998,47.10000000000001,10.000000000000053
2024-11-12,4.107,4.11,4.202,4.557,45.000000000000014,44.7,9.499999999999975
2024-11-13,4.214,4.217,4.312,4.661,44.69999999999992,44.39999999999999,9.799999999999986
2024-11-14,4.202,4.205,4.309,4.691,48.89999999999999,48.59999999999998,10.70000000000002
2024-11-15,4.151,4.165,4.262,4.631,48.00000000000004,46.60000000000002,11.099999999999977
2024-11-18,4.105,4.117,4.217,4.597,49.2,48.00000000000004,11.199999999999921
2024-11-19,4.068,4.078,4.177,4.558,49.00000000000002,47.99999999999996,10.899999999999999
2024-11-20,4.069,4.076,4.172,4.552,48.29999999999997,47.599999999999994,10.299999999999976
2024-11-21,4.092,4.104,4.199,4.573,48.10000000000008,46.900000000000034,10.70000000000002
2024-11-22,4.063,4.072,4.16,4.539,47.599999999999994,46.69999999999996,9.700000000000042
2024-11-25,4.027,4.035,4.115,4.48,45.300000000000026,44.50000000000003,8.800000000000008
2024-11-26,3.986,3.986,4.067,4.441,45.499999999999964,45.499999999999964,8.099999999999996
2024-11-27,3.976,3.968,4.045,4.412,43.599999999999994,44.39999999999999,6.899999999999995
2024-11-28,3.922,3.91,3.985,4.356,43.39999999999997,44.59999999999997,6.299999999999972
2024-11-29,3.923,3.91,3.975,4.335,41.19999999999999,42.499999999999986,5.200000000000005
2024-12-02,3.944,3.929,3.987,4.331,38.700000000000045,40.20000000000006,4.300000000000015
2024-12-03,3.925,3.91,3.967,4.301,37.60000000000004,39.1,4.200000000000026
2024-12-04,3.846,3.831,3.902,4.261,41.5,43.000000000000014,5.600000000000005
2024-12-05,3.833,3.81,3.878,4.231,39.79999999999997,42.09999999999998,4.499999999999993
2024-12-06,3.834,3.808,3.871,4.217,38.299999999999955,40.89999999999998,3.699999999999992
2024-12-09,3.814,3.788,3.851,4.197,38.3,40.90000000000003,3.699999999999992
2024-12-10,3.734,3.705,3.776,4.135,40.09999999999998,42.99999999999997,4.1999999999999815
2024-12-11,3.755,3.726,3.804,4.184,42.90000000000003,45.80000000000002,4.899999999999993
2024-12-12,3.861,3.832,3.908,4.263,40.19999999999997,43.10000000000001,4.699999999999971
2024-12-13,3.872,3.842,3.923,4.289,41.69999999999998,44.69999999999996,5.100000000000016
2024-12-16,3.897,3.868,3.952,4.317,42.000000000000036,44.90000000000003,5.500000000000016
2024-12-17,3.873,3.838,3.925,4.294,42.09999999999994,45.59999999999995,5.19999999999996
2024-12-18,3.841,3.809,3.897,4.279,43.79999999999997,46.99999999999997,5.599999999999961
2024-12-19,3.968,3.941,4.035,4.411,44.29999999999996,46.99999999999997,6.700000000000017
2024-12-20,3.986,3.975,4.078,4.494,50.799999999999955,51.89999999999997,9.200000000000008
2024-12-23,3.915,3.905,4.005,4.405,49.00000000000002,50.00000000000004,8.999999999999986
2024-12-24,3.908,3.904,4.012,4.44,53.200000000000045,53.60000000000005,10.399999999999965
2024-12-27,3.848,3.845,3.953,4.38,53.2,53.49999999999997,10.499999999999998
2024-12-30,3.901,3.904,4.021,4.46,55.90000000000002,55.60000000000001,12.00000000000001
2024-12-31,3.826,3.824,3.936,4.366,53.99999999999996,54.19999999999998,10.999999999999988
2025-01-02,3.87,3.875,3.989,4.435,56.49999999999995,55.99999999999996,11.899999999999977
2025-01-03,3.839,3.844,3.957,4.384,54.500000000000036,54.00000000000005,11.799999999999988
2025-01-06,3.912,3.92,4.038,4.47,55.79999999999998,54.999999999999986,12.600000000000033
2025-01-07,3.921,3.937,4.055,4.479,55.800000000000026,54.200000000000024,13.39999999999999
2025-01-08,3.897,3.914,4.044,4.502,60.5,58.79999999999996,14.69999999999998
2025-01-09,3.872,3.892,4.029,4.487,61.50000000000002,59.50000000000002,15.700000000000003
2025-01-10,3.902,3.932,4.073,4.547,64.49999999999996,61.49999999999998,17.100000000000026
2025-01-13,4.01,4.056,4.192,4.636,62.60000000000004,58.00000000000001,18.20000000000004
2025-01-14,3.994,4.035,4.172,4.616,62.199999999999946,58.09999999999995,17.799999999999947
2025-01-15,3.992,4.033,4.175,4.626,63.400000000000034,59.3,18.299999999999983
2025-01-16,3.901,3.939,4.07,4.498,59.700000000000045,55.90000000000002,16.90000000000005
2025-01-17,3.913,3.95,4.08,4.498,58.50000000000004,54.800000000000004,16.700000000000024
2025-01-20,3.884,3.921,4.052,4.482,59.80000000000003,56.10000000000004,16.79999999999997
2025-01-21,3.857,3.866,3.989,4.409,55.19999999999996,54.29999999999997,13.199999999999967
2025-01-22,3.906,3.914,4.038,4.464,55.800000000000026,55.00000000000003,13.200000000000012
2025-01-23,3.901,3.912,4.037,4.474,57.30000000000004,56.20000000000003,13.600000000000012
2025-01-24,3.888,3.903,4.032,4.48,59.20000000000005,57.70000000000004,14.400000000000013
2025-01-28,3.835,3.843,3.976,4.427,59.19999999999996,58.39999999999996,14.100000000000001
2025-01-29,3.771,3.781,3.919,4.375,60.400000000000006,59.399999999999984,14.800000000000013
2025-01-30,3.782,3.786,3.928,4.385,60.299999999999976,59.89999999999998,14.59999999999999
2025-01-31,3.794,3.805,3.954,4.435,64.09999999999995,62.99999999999994,16.000000000000014
2025-02-03,3.729,3.738,3.89,4.386,65.7,64.80000000000001,16.1
2025-02-04,3.749,3.765,3.923,4.421,67.20000000000002,65.60000000000001,17.39999999999999
2025-02-05,3.722,3.738,3.885,4.363,64.10000000000005,62.50000000000004,16.299999999999983
2025-02-06,3.711,3.723,3.863,4.324,61.3,60.099999999999994,15.200000000000014
2025-02-07,3.755,3.77,3.91,4.364,60.9,59.399999999999984,15.500000000000025
2025-02-10,3.793,3.809,3.953,4.409,61.599999999999966,59.999999999999964,15.99999999999997
2025-02-11,3.783,3.799,3.941,4.395,61.19999999999997,59.599999999999966,15.799999999999992
2025-02-12,3.839,3.855,3.999,4.469,63.000000000000036,61.400000000000034,16.000000000000014
2025-02-13,3.837,3.853,4.001,4.479,64.19999999999999,62.59999999999999,16.400000000000013
2025-02-14,3.811,3.827,3.968,4.424,61.30000000000004,59.700000000000045,15.700000000000003
2025-02-17,3.852,3.868,4.006,4.46,60.80000000000001,59.20000000000001,15.400000000000036
2025-02-18,3.906,3.923,4.062,4.514,60.80000000000001,59.10000000000002,15.600000000000014
2025-02-19,3.914,3.933,4.074,4.534,61.999999999999964,60.099999999999994,15.99999999999997
2025-02-20,3.918,3.942,4.082,4.534,61.599999999999966,59.19999999999996,16.39999999999997
2025-02-21,3.898,3.923,4.061,4.52,62.199999999999946,59.69999999999995,16.299999999999983
2025-02-24,3.831,3.854,3.991,4.446,61.49999999999998,59.19999999999996,16.000000000000014
2025-02-25,3.793,3.816,3.951,4.407,61.39999999999999,59.10000000000002,15.799999999999992
2025-02-26,3.777,3.797,3.926,4.372,59.49999999999997,57.49999999999997,14.900000000000002
2025-02-27,3.769,3.786,3.911,4.348,57.89999999999998,56.19999999999998,14.19999999999999
2025-02-28,3.727,3.738,3.863,4.303,57.60000000000001,56.49999999999999,13.600000000000012
2025-03-03,3.758,3.766,3.892,4.338,58.00000000000001,57.2,13.39999999999999
2025-03-04,3.704,3.705,3.829,4.278,57.39999999999994,57.299999999999955,12.5
2025-03-05,3.75,3.753,3.883,4.363,61.30000000000004,61.00000000000003,13.3
2025-03-06,3.832,3.84,3.984,4.492,66.00000000000001,65.20000000000002,15.200000000000014
2025-03-07,3.764,3.77,3.912,4.413,64.90000000000005,64.30000000000003,14.800000000000013
2025-03-10,3.803,3.81,3.955,4.449,64.6,63.89999999999998,15.200000000000014
2025-03-11,3.735,3.737,3.884,4.389,65.40000000000003,65.20000000000002,14.900000000000002
2025-03-12,3.754,3.765,3.916,4.449,69.49999999999999,68.39999999999998,16.199999999999992
2025-03-13,3.75,3.766,3.911,4.43,67.99999999999997,66.39999999999998,16.1
2025-03-14,3.748,3.762,3.906,4.434,68.6,67.20000000000002,15.799999999999992
2025-03-17,3.745,3.76,3.905,4.422,67.69999999999996,66.19999999999999,15.99999999999997
2025-03-18,3.752,3.771,3.912,4.413,66.10000000000005,64.20000000000003,16.000000000000014
2025-03-19,3.774,3.791,3.931,4.434,66.00000000000001,64.30000000000003,15.700000000000003
2025-03-20,3.724,3.742,3.879,4.389,66.5,64.70000000000002,15.49999999999998
2025-03-21,3.733,3.751,3.889,4.409,67.59999999999997,65.8,15.59999999999997
2025-03-24,3.723,3.739,3.883,4.415,69.20000000000002,67.60000000000002,16.000000000000014
2025-03-25,3.726,3.745,3.892,4.439,71.30000000000001,69.39999999999999,16.599999999999994
2025-03-26,3.77,3.79,3.939,4.493,72.30000000000003,70.30000000000003,16.900000000000006
2025-03-27,3.769,3.796,3.95,4.523,75.39999999999995,72.69999999999999,18.100000000000005
2025-03-28,3.732,3.758,3.911,4.478,74.59999999999995,71.99999999999997,17.899999999999984
2025-03-31,3.674,3.693,3.841,4.402,72.80000000000003,70.9,16.700000000000024
2025-04-01,3.665,3.69,3.842,4.391,72.6,70.10000000000001,17.700000000000003
2025-04-02,3.689,3.713,3.861,4.397,70.80000000000001,68.40000000000002,17.200000000000017
2025-04-03,3.527,3.549,3.697,4.242,71.49999999999999,69.30000000000001,16.999999999999993
2025-04-04,3.394,3.417,3.593,4.199,80.49999999999997,78.2,19.899999999999984
2025-04-07,3.252,3.272,3.47,4.081,82.90000000000006,80.90000000000006,21.80000000000004
2025-04-08,3.312,3.337,3.555,4.222,91.00000000000006,88.50000000000003,24.300000000000033
2025-04-09,3.218,3.245,3.552,4.376,115.80000000000004,113.10000000000002,33.400000000000006
2025-04-10,3.305,3.338,3.59,4.312,100.70000000000002,97.40000000000002,28.49999999999997
2025-04-11,3.25,3.289,3.585,4.377,112.69999999999997,108.79999999999997,33.5
2025-04-14,3.296,3.345,3.628,4.381,108.50000000000004,103.60000000000001,33.20000000000003
2025-04-15,3.285,3.336,3.604,4.332,104.69999999999997,99.6,31.899999999999995
2025-04-16,3.289,3.342,3.609,4.323,103.40000000000002,98.10000000000004,31.999999999999986
2025-04-17,3.288,3.335,3.58,4.264,97.60000000000004,92.90000000000003,29.200000000000024
2025-04-22,3.214,3.257,3.525,4.241,102.69999999999997,98.39999999999995,31.099999999999994
2025-04-23,3.287,3.326,3.573,4.247,96.0,92.09999999999998,28.6
2025-04-24,3.277,3.32,3.555,4.217,93.99999999999994,89.69999999999997,27.800000000000004
2025-04-28,3.247,3.291,3.518,4.153,90.59999999999997,86.19999999999996,27.09999999999999
2025-04-29,3.264,3.31,3.537,4.174,91.00000000000006,86.40000000000003,27.30000000000001
2025-04-30,3.271,3.309,3.528,4.148,87.69999999999997,83.89999999999995,25.70000000000001
2025-05-01,3.261,3.296,3.519,4.173,91.19999999999999,87.70000000000002,25.8
2025-05-02,3.287,3.324,3.546,4.203,91.60000000000004,87.90000000000005,25.89999999999999
2025-05-05,3.343,3.384,3.603,4.254,91.09999999999997,86.99999999999997,26.00000000000002
2025-05-06,3.38,3.421,3.646,4.319,93.9,89.80000000000001,26.6
2025-05-07,3.32,3.363,3.588,4.264,94.40000000000003,90.10000000000002,26.800000000000026
2025-05-08,3.315,3.352,3.564,4.223,90.8,87.1,24.900000000000013
2025-05-09,3.373,3.407,3.616,4.273,89.99999999999994,86.59999999999997,24.29999999999999
2025-05-12,3.44,3.473,3.681,4.347,90.70000000000005,87.40000000000006,24.10000000000001
2025-05-13,3.529,3.568,3.765,4.417,88.79999999999998,84.89999999999998,23.600000000000023
2025-05-14,3.556,3.599,3.798,4.467,91.09999999999997,86.79999999999994,24.2
2025-05-15,3.606,3.654,3.854,4.521,91.5,86.7,24.800000000000022
2025-05-16,3.554,3.594,3.788,4.443,88.89999999999998,84.89999999999998,23.4
2025-05-19,3.591,3.635,3.836,4.513,92.19999999999997,87.80000000000001,24.499999999999964
2025-05-20,3.427,3.466,3.681,4.389,96.20000000000002,92.30000000000001,25.4
2025-05-21,3.421,3.475,3.709,4.439,101.80000000000003,96.39999999999999,28.800000000000026
2025-05-22,3.414,3.474,3.713,4.445,103.10000000000001,97.10000000000001,29.89999999999999
2025-05-23,3.395,3.451,3.685,4.41,101.50000000000001,95.9,29.000000000000004
2025-05-26,3.366,3.423,3.655,4.371,100.50000000000003,94.80000000000004,28.89999999999997
2025-05-27,3.33,3.385,3.608,4.302,97.19999999999996,91.69999999999999,27.800000000000004
2025-05-28,3.362,3.414,3.634,4.321,95.89999999999996,90.69999999999996,27.19999999999998
2025-05-29,3.379,3.434,3.66,4.362,98.30000000000001,92.8,28.100000000000016
2025-05-30,3.278,3.324,3.546,4.249,97.09999999999997,92.49999999999999,26.79999999999998
2025-06-02,3.284,3.323,3.55,4.259,97.50000000000006,93.60000000000004,26.6
2025-06-03,3.271,3.313,3.539,4.25,97.9,93.69999999999999,26.800000000000026
2025-06-04,3.282,3.323,3.54,4.241,95.89999999999996,91.79999999999997,25.8
2025-06-05,3.293,3.331,3.541,4.241,94.79999999999995,90.99999999999997,24.799999999999976
2025-06-06,3.321,3.362,3.569,4.261,94.0,89.9,24.799999999999976
2025-06-10,3.312,3.351,3.557,4.243,93.10000000000005,89.20000000000003,24.50000000000001
2025-06-11,3.364,3.402,3.601,4.279,91.5,87.69999999999997,23.70000000000001
2025-06-12,3.313,3.353,3.552,4.233,91.99999999999994,87.99999999999994,23.899999999999988
2025-06-13,3.26,3.291,3.485,4.151,89.1,85.99999999999999,22.500000000000007
2025-06-16,3.3,3.343,3.546,4.228,92.8,88.49999999999997,24.6
2025-06-17,3.318,3.371,3.574,4.253,93.5,88.20000000000002,25.59999999999998
2025-06-18,3.311,3.36,3.564,4.248,93.70000000000003,88.80000000000004,25.30000000000001
2025-06-19,3.299,3.349,3.546,4.214,91.50000000000004,86.50000000000003,24.69999999999999
2025-06-20,3.27,3.319,3.516,4.18,90.99999999999997,86.09999999999998,24.6
2025-06-23,3.282,3.329,3.534,4.216,93.40000000000002,88.7,25.199999999999978
2025-06-24,3.223,3.269,3.469,4.152,92.90000000000003,88.3,24.6
2025-06-25,3.186,3.233,3.434,4.118,93.20000000000005,88.50000000000003,24.800000000000022
2025-06-26,3.186,3.232,3.434,4.103,91.69999999999999,87.09999999999995,24.800000000000022
2025-06-27,3.196,3.242,3.447,4.128,93.19999999999999,88.60000000000001,25.099999999999987
2025-06-30,3.212,3.259,3.471,4.161,94.89999999999993,90.19999999999997,25.89999999999999
2025-07-01,3.182,3.229,3.434,4.116,93.39999999999998,88.69999999999996,25.200000000000024
2025-07-02,3.219,3.269,3.473,4.151,93.19999999999999,88.19999999999996,25.4
2025-07-03,3.239,3.286,3.496,4.181,94.20000000000002,89.5,25.70000000000001
2025-07-04,3.254,3.301,3.508,4.191,93.69999999999999,88.99999999999997,25.4
2025-07-07,3.236,3.282,3.491,4.182,94.60000000000002,90.00000000000003,25.49999999999999
2025-07-08,3.352,3.393,3.597,4.263,91.10000000000001,87.00000000000001,24.50000000000001
2025-07-09,3.398,3.442,3.649,4.342,94.39999999999995,89.99999999999994,25.099999999999987
2025-07-10,3.365,3.403,3.605,4.284,91.89999999999996,88.09999999999998,23.99999999999998
2025-07-11,3.391,3.432,3.638,4.327,93.6,89.5,24.69999999999999
2025-07-14,3.411,3.461,3.672,4.371,96.00000000000004,91.00000000000006,26.100000000000012
2025-07-15,3.425,3.478,3.688,4.38,95.5,90.19999999999997,26.300000000000033
2025-07-16,3.428,3.485,3.702,4.4,97.20000000000005,91.50000000000004,27.400000000000002
2025-07-17,3.343,3.396,3.624,4.347,100.40000000000005,95.10000000000005,28.100000000000016
2025-07-18,3.323,3.377,3.609,4.338,101.50000000000001,96.10000000000002,28.6
2025-07-21,3.321,3.372,3.609,4.323,100.20000000000002,95.10000000000005,28.799999999999983
2025-07-22,3.326,3.378,3.613,4.306,98.0,92.8,28.699999999999992
2025-07-23,3.332,3.383,3.613,4.297,96.49999999999999,91.39999999999998,28.100000000000016
2025-07-24,3.393,3.451,3.679,4.356,96.30000000000001,90.49999999999999,28.6
2025-07-25,3.403,3.461,3.683,4.346,94.30000000000001,88.50000000000003,27.99999999999998
2025-07-28,3.405,3.457,3.676,4.34,93.5,88.3,27.100000000000037
2025-07-29,3.38,3.431,3.652,4.33,95.00000000000001,89.9,27.200000000000024
2025-07-30,3.316,3.365,3.584,4.257,94.09999999999998,89.19999999999995,26.800000000000026
2025-07-31,3.344,3.393,3.606,4.262,91.79999999999997,86.89999999999998,26.200000000000003
2025-08-01,3.388,3.437,3.653,4.317,92.90000000000003,88.00000000000003,26.500000000000014
2025-08-04,3.357,3.404,3.625,4.293,93.6,88.90000000000002,26.79999999999998
2025-08-05,3.314,3.35,3.563,4.228,91.39999999999998,87.79999999999997,24.900000000000013
2025-08-06,3.343,3.379,3.592,4.258,91.5,87.9,24.900000000000013
2025-08-07,3.329,3.364,3.575,4.244,91.49999999999996,87.99999999999999,24.6
2025-08-08,3.343,3.38,3.588,4.25,90.7,87.00000000000001,24.50000000000001
2025-08-11,3.342,3.38,3.588,4.25,90.8,87.00000000000001,24.6
2025-08-12,3.331,3.37,3.576,4.244,91.29999999999998,87.39999999999996,24.50000000000001
2025-08-13,3.301,3.34,3.549,4.226,92.49999999999999,88.60000000000001,24.799999999999976
2025-08-14,3.288,3.324,3.534,4.212,92.39999999999999,88.79999999999998,24.6
2025-08-15,3.293,3.332,3.547,4.232,93.9,90.00000000000003,25.4
2025-08-18,3.316,3.357,3.575,4.272,95.60000000000004,91.5,25.900000000000034
2025-08-19,3.363,3.411,3.631,4.331,96.80000000000004,92.00000000000004,26.79999999999998
2025-08-20,3.331,3.376,3.598,4.302,97.09999999999997,92.59999999999997,26.69999999999999
2025-08-21,3.325,3.37,3.593,4.283,95.80000000000001,91.30000000000003,26.79999999999998
2025-08-22,3.348,3.395,3.619,4.318,96.99999999999997,92.29999999999995,27.100000000000037
2025-08-25,3.32,3.366,3.588,4.289,96.89999999999999,92.29999999999995,26.800000000000026
2025-08-26,3.332,3.379,3.608,4.319,98.70000000000002,94.0,27.600000000000023
2025-08-27,3.358,3.408,3.629,4.329,97.09999999999997,92.09999999999998,27.09999999999999
2025-08-28,3.323,3.374,3.591,4.291,96.80000000000004,91.70000000000003,26.800000000000026
2025-08-29,3.333,3.383,3.594,4.28,94.7,89.70000000000002,26.099999999999966
2025-09-01,3.342,3.404,3.625,4.325,98.30000000000001,92.10000000000002,28.29999999999999
2025-09-02,3.373,3.435,3.657,4.364,99.09999999999997,92.89999999999998,28.39999999999998
2025-09-03,3.435,3.507,3.726,4.424,98.90000000000003,91.70000000000003,29.099999999999994
2025-09-04,3.4,3.46,3.675,4.36,96.00000000000004,90.00000000000003,27.499999999999993
2025-09-05,3.396,3.455,3.667,4.345,94.89999999999998,88.99999999999997,27.09999999999999
2025-09-08,3.354,3.408,3.617,4.286,93.19999999999995,87.79999999999997,26.29999999999999
2025-09-09,3.364,3.414,3.618,4.272,90.80000000000004,85.80000000000001,25.4
2025-09-10,3.372,3.425,3.63,4.278,90.59999999999997,85.29999999999998,25.8
2025-09-11,3.355,3.404,3.598,4.24,88.50000000000003,83.60000000000002,24.29999999999999
2025-09-12,3.374,3.421,3.613,4.224,85.00000000000001,80.30000000000004,23.899999999999988
2025-09-15,3.398,3.445,3.648,4.281,88.29999999999995,83.59999999999998,25.0
2025-09-16,3.361,3.407,3.605,4.227,86.60000000000001,82.00000000000003,24.399999999999977
2025-09-17,3.356,3.402,3.601,4.229,87.30000000000003,82.69999999999999,24.50000000000001
2025-09-18,3.322,3.368,3.569,4.201,87.89999999999995,83.29999999999997,24.69999999999999
2025-09-19,3.361,3.41,3.614,4.249,88.79999999999994,83.89999999999995,25.29999999999997
2025-09-22,3.379,3.428,3.635,4.278,89.89999999999996,84.99999999999997,25.59999999999998
2025-09-23,3.383,3.434,3.638,4.273,88.99999999999997,83.89999999999995,25.49999999999999
2025-09-24,3.448,3.501,3.695,4.297,84.89999999999998,79.59999999999998,24.69999999999999
2025-09-25,3.49,3.54,3.738,4.356,86.59999999999997,81.59999999999998,24.799999999999976
2025-09-26,3.521,3.577,3.773,4.394,87.30000000000003,81.70000000000002,25.200000000000024
2025-09-29,3.475,3.529,3.724,4.342,86.69999999999996,81.29999999999997,24.900000000000013
2025-09-30,3.487,3.538,3.722,4.307,82.00000000000003,76.90000000000006,23.499999999999986
2025-10-01,3.519,3.569,3.756,4.357,83.80000000000001,78.80000000000003,23.699999999999967
2025-10-02,3.485,3.533,3.717,4.328,84.30000000000004,79.50000000000004,23.20000000000002
2025-10-03,3.493,3.54,3.722,4.323,83.00000000000006,78.30000000000004,22.90000000000001
2025-10-06,,,,,,,
2025-10-07,3.511,3.558,3.754,4.378,86.7,82.00000000000003,24.29999999999999
2025-10-08,3.504,3.549,3.738,4.354,85.00000000000001,80.50000000000001,23.4
2025-10-09,3.509,3.55,3.73,4.339,83.00000000000006,78.90000000000006,22.10000000000001
2025-10-10,3.528,3.57,3.749,4.354,82.60000000000001,78.40000000000002,22.10000000000001
2025-10-13,3.468,3.499,3.678,4.282,81.4,78.3,20.999999999999996
2025-10-14,3.421,3.45,3.627,4.224,80.30000000000004,77.4,20.599999999999994
2025-10-15,3.433,3.459,3.626,4.206,77.30000000000005,74.70000000000003,19.300000000000004
2025-10-16,3.345,3.369,3.548,4.143,79.79999999999995,77.39999999999996,20.299999999999983
2025-10-17,3.282,3.307,3.489,4.091,80.90000000000002,78.40000000000002,20.699999999999985
2025-10-20,3.336,3.36,3.544,4.145,80.89999999999998,78.49999999999997,20.80000000000002
2025-10-21,3.313,3.333,3.516,4.11,79.70000000000002,77.70000000000002,20.299999999999983
2025-10-22,3.321,3.339,3.517,4.106,78.49999999999997,76.69999999999999,19.599999999999973
2025-10-23,3.334,3.352,3.531,4.116,78.19999999999996,76.39999999999998,19.700000000000006
2025-10-24,3.341,3.365,3.545,4.135,79.39999999999996,76.99999999999996,20.399999999999974
2025-10-27,3.38,3.404,3.584,4.175,79.5,77.1,20.40000000000002
2025-10-28,3.423,3.446,3.613,4.166,74.30000000000004,72.00000000000001,18.999999999999993
2025-10-29,3.54,3.565,3.712,4.216,67.60000000000002,65.10000000000002,17.200000000000017
2025-10-30,3.572,3.608,3.763,4.3,72.79999999999998,69.19999999999997,19.099999999999984
2025-10-31,3.553,3.595,3.749,4.29,73.70000000000002,69.49999999999999,19.600000000000016
2025-11-03,3.586,3.633,3.792,4.33,74.40000000000002,69.7,20.599999999999994
2025-11-04,3.611,3.667,3.822,4.345,73.39999999999995,67.8,21.099999999999987
2025-11-05,3.571,3.621,3.779,4.306,73.49999999999999,68.5,20.799999999999976
2025-11-06,3.594,3.652,3.817,4.36,76.60000000000005,70.80000000000001,22.300000000000033
2025-11-07,3.579,3.634,3.799,4.346,76.69999999999999,71.20000000000002,21.999999999999975
2025-11-10,3.628,3.684,3.848,4.391,76.29999999999998,70.69999999999999,21.999999999999975
2025-11-11,3.635,3.693,3.855,4.386,75.10000000000004,69.30000000000001,22.00000000000002
2025-11-12,3.635,3.694,3.852,4.376,74.10000000000005,68.20000000000005,21.70000000000001
2025-11-13,3.725,3.796,3.944,4.416,69.10000000000002,62.00000000000006,21.899999999999984
2025-11-14,3.69,3.763,3.938,4.436,74.6,67.30000000000001,24.800000000000022
2025-11-17,3.701,3.771,3.956,4.47,76.89999999999996,69.89999999999998,25.49999999999999
2025-11-18,3.664,3.732,3.92,4.436,77.19999999999997,70.39999999999998,25.59999999999998
2025-11-19,3.646,3.714,3.899,4.412,76.6,69.8,25.30000000000001
2025-11-20,3.693,3.763,3.949,4.461,76.80000000000003,69.80000000000004,25.59999999999998
2025-11-21,3.688,3.75,3.939,4.458,77.0,70.80000000000001,25.099999999999987
2025-11-24,3.673,3.735,3.925,4.439,76.6,70.40000000000002,25.199999999999978
2025-11-25,3.673,3.735,3.921,4.424,75.10000000000004,68.90000000000005,24.799999999999976
2025-11-26,3.804,3.878,4.057,4.525,72.10000000000005,64.70000000000002,25.300000000000054
2025-11-27,3.775,3.844,4.023,4.49,71.50000000000003,64.60000000000004,24.799999999999976
2025-11-28,3.805,3.873,4.05,4.511,70.6,63.79999999999999,24.499999999999964
2025-12-01,3.826,3.893,4.078,4.552,72.59999999999995,65.89999999999998,25.200000000000024
2025-12-02,3.853,3.919,4.113,4.611,75.79999999999995,69.19999999999997,26.00000000000002
2025-12-03,3.912,3.977,4.163,4.641,72.9,66.40000000000002,25.100000000000033
2025-12-04,3.987,4.053,4.23,4.699,71.19999999999997,64.6,24.300000000000033
2025-12-05,3.948,4.017,4.196,4.681,73.30000000000001,66.39999999999998,24.799999999999976
2025-12-08,3.973,4.043,4.222,4.703,73.00000000000004,66.00000000000001,24.900000000000055
2025-12-09,4.07,4.145,4.312,4.757,68.69999999999993,61.20000000000001,24.2
2025-12-10,4.124,4.207,4.368,4.808,68.40000000000002,60.099999999999994,24.400000000000066
2025-12-11,4.035,4.118,4.273,4.719,68.40000000000002,60.099999999999994,23.799999999999955
2025-12-12,4.03,4.116,4.273,4.728,69.79999999999995,61.20000000000001,24.299999999999944
2025-12-15,3.998,4.085,4.249,4.725,72.69999999999995,63.99999999999997,25.099999999999945
2025-12-16,4.02,4.105,4.262,4.726,70.60000000000004,62.09999999999995,24.2
2025-12-17,4.044,4.13,4.287,4.745,70.10000000000005,61.50000000000002,24.300000000000033
2025-12-18,4.012,4.097,4.258,4.741,72.9,64.39999999999992,24.600000000000044
2025-12-19,4.033,4.122,4.279,4.747,71.39999999999995,62.5,24.599999999999955
2025-12-22,4.078,4.171,4.33,4.792,71.39999999999995,62.09999999999995,25.199999999999978
2025-12-23,4.032,4.119,4.278,4.753,72.10000000000001,63.400000000000034,24.599999999999955
2025-12-24,4.031,4.12,4.277,4.738,70.70000000000007,61.80000000000003,24.600000000000044
2025-12-29,4.056,4.143,4.297,4.754,69.79999999999995,61.09999999999998,24.099999999999966
2025-12-30,4.047,4.133,4.286,4.744,69.7,61.09999999999998,23.899999999999988
2025-12-31,4.059,4.145,4.295,4.74,68.10000000000001,59.500000000000064,23.599999999999977
2026-01-02,4.106,4.193,4.351,4.82,71.40000000000003,62.70000000000007,24.50000000000001
2026-01-05,4.05,4.135,4.299,4.78,73.00000000000004,64.50000000000004,24.900000000000055
2026-01-06,4.058,4.139,4.303,4.775,71.70000000000005,63.60000000000001,24.50000000000001
2026-01-07,4.053,4.131,4.289,4.74,68.70000000000003,60.9,23.599999999999977
2026-01-08,3.98,4.046,4.202,4.649,66.9,60.299999999999976,22.199999999999996
2026-01-09,3.994,4.062,4.221,4.669,67.49999999999994,60.69999999999993,22.69999999999999
2026-01-12,4.01,4.078,4.237,4.685,67.49999999999999,60.69999999999993,22.70000000000003
2026-01-13,4.019,4.084,4.242,4.69,67.10000000000002,60.60000000000008,22.299999999999986
2026-01-14,4.019,4.084,4.243,4.7,68.10000000000001,61.60000000000005,22.40000000000002
2026-01-15,3.996,4.061,4.215,4.666,67.00000000000004,60.50000000000004,21.899999999999984
2026-01-16,4.014,4.081,4.237,4.692,67.8,61.09999999999998,22.299999999999986
2026-01-19,4.045,4.116,4.271,4.727,68.20000000000005,61.100000000000065,22.599999999999998
2026-01-20,4.083,4.156,4.312,4.767,68.40000000000002,61.100000000000065,22.90000000000001
2026-01-21,4.073,4.146,4.306,4.77,69.69999999999992,62.39999999999996,23.299999999999965
2026-01-22,4.142,4.212,4.355,4.787,64.49999999999996,57.500000000000014,21.300000000000008
2026-01-23,4.166,4.237,4.378,4.808,64.19999999999995,57.09999999999997,21.199999999999974
2026-01-27,4.213,4.285,4.422,4.836,62.300000000000026,55.100000000000016,20.899999999999963
2026-01-28,4.18,4.239,4.376,4.807,62.70000000000007,56.800000000000054,19.600000000000062
2026-01-29,4.197,4.251,4.39,4.827,62.999999999999986,57.599999999999966,19.29999999999996
2026-01-30,4.195,4.247,4.38,4.799,60.400000000000006,55.200000000000045,18.49999999999996
2026-02-02,4.174,4.224,4.359,4.789,61.49999999999993,56.49999999999995,18.49999999999996
2026-02-03,4.248,4.289,4.415,4.826,57.79999999999994,53.69999999999999,16.69999999999998
2026-02-04,4.287,4.332,4.449,4.858,57.09999999999997,52.59999999999998,16.199999999999992
2026-02-05,4.278,4.322,4.437,4.848,57.00000000000003,52.59999999999998,15.90000000000007
2026-02-06,4.246,4.285,4.397,4.819,57.299999999999955,53.39999999999998,15.09999999999998
2026-02-09,4.276,4.319,4.434,4.86,58.40000000000005,54.10000000000004,15.800000000000036
2026-02-10,4.255,4.291,4.403,4.821,56.59999999999998,52.999999999999936,14.799999999999969
2026-02-11,4.224,4.255,4.358,4.749,52.49999999999994,49.39999999999998,13.399999999999945
2026-02-12,4.266,4.302,4.409,4.799,53.30000000000004,49.700000000000074,14.29999999999998
2026-02-13,4.228,4.256,4.364,4.741,51.29999999999999,48.49999999999994,13.600000000000012
2026-02-16,4.21,4.238,4.34,4.702,49.2,46.39999999999995,12.99999999999999
2026-02-17,4.174,4.203,4.308,4.678,50.399999999999956,47.499999999999964,13.399999999999945
2026-02-18,4.206,4.238,4.345,4.717,51.09999999999992,47.89999999999992,13.899999999999935
2026-02-19,4.277,4.316,4.419,4.777,50.0,46.10000000000003,14.199999999999946
2026-02-20,4.226,4.268,4.367,4.723,49.69999999999999,45.50000000000001,14.100000000000001
2026-02-23,4.206,4.249,4.348,4.713,50.69999999999997,46.40000000000004,14.199999999999946
2026-02-24,4.195,4.231,4.327,4.69,49.500000000000014,45.90000000000005,13.199999999999967
2026-02-25,4.231,4.266,4.359,4.715,48.4,44.899999999999984,12.800000000000011
2026-02-26,4.213,4.247,4.338,4.696,48.29999999999997,44.899999999999984,12.5
2026-02-27,4.184,4.206,4.289,4.646,46.199999999999974,43.99999999999995,10.499999999999954
2026-03-02,4.161,4.179,4.265,4.628,46.70000000000005,44.899999999999984,10.40000000000001
2026-03-03,4.302,4.332,4.413,4.767,46.50000000000007,43.50000000000005,11.100000000000065
2026-03-04,4.264,4.299,4.38,4.743,47.900000000000006,44.39999999999999,11.599999999999966
2026-03-05,4.313,4.352,4.437,4.794,48.09999999999999,44.19999999999993,12.400000000000055
2026-03-06,4.372,4.417,4.498,4.839,46.70000000000005,42.20000000000006,12.600000000000033
2026-03-09,4.486,4.547,4.626,4.934,44.80000000000004,38.700000000000045,14.000000000000057
2026-03-10,4.421,4.469,4.545,4.846,42.499999999999986,37.699999999999974,12.399999999999967
2026-03-11,4.423,4.454,4.526,4.847,42.400000000000034,39.30000000000007,10.299999999999976
2026-03-12,4.5,4.539,4.613,4.951,45.099999999999966,41.19999999999999,11.300000000000043
2026-03-13,4.524,4.561,4.628,4.949,42.499999999999986,38.79999999999999,10.40000000000001
2026-03-16,4.553,4.587,4.663,4.999,44.59999999999997,41.19999999999999,11.000000000000032
2026-03-17,4.531,4.545,4.617,4.937,40.60000000000006,39.20000000000003,8.60000000000003
2026-03-18,4.509,4.511,4.577,4.894,38.49999999999998,38.3,6.799999999999962
2026-03-19,4.615,4.621,4.681,4.973,35.79999999999997,35.199999999999946,6.599999999999984
2026-03-20,4.781,4.786,4.819,5.022,24.100000000000055,23.600000000000065,3.8000000000000256
2026-03-23,4.808,4.818,4.867,5.116,30.799999999999983,29.800000000000004,5.900000000000016
2026-03-24,4.726,4.728,4.776,5.042,31.599999999999984,31.400000000000006,4.999999999999982
2026-03-25,4.625,4.617,4.669,4.954,32.89999999999998,33.699999999999974,4.3999999999999595
2026-03-26,4.726,4.719,4.76,5.01,28.39999999999998,29.099999999999948,3.399999999999981
2026-03-27,4.803,4.801,4.843,5.094,29.100000000000037,29.300000000000015,4.0000000000000036
2026-03-30,4.707,4.708,4.763,5.069,36.20000000000001,36.09999999999998,5.600000000000005
2026-03-31,4.66,4.651,4.691,4.972,31.200000000000028,32.100000000000065,3.0999999999999694
2026-04-01,4.601,4.584,4.618,4.908,30.70000000000004,32.40000000000008,1.7000000000000348
2026-04-02,4.732,4.723,4.759,5.038,30.600000000000005,31.50000000000004,2.7000000000000135
2026-04-07,4.675,4.658,4.697,4.985,31.00000000000005,32.699999999999996,2.200000000000024
2026-04-08,4.583,4.552,4.588,4.858,27.499999999999947,30.600000000000005,0.49999999999998934
2026-04-09,4.628,4.603,4.636,4.911,28.299999999999947,30.799999999999983,0.8000000000000007
2026-04-10,4.673,4.652,4.687,4.967,29.39999999999996,31.49999999999995,1.4000000000000234
2026-04-13,4.709,4.692,4.729,5.018,30.900000000000016,32.599999999999966,2.000000000000046
2026-04-14,4.644,4.623,4.659,4.949,30.49999999999997,32.599999999999966,1.499999999999968
2026-04-15,4.621,4.6,4.638,4.931,30.99999999999996,33.10000000000004,1.699999999999946
2026-04-16,4.641,4.624,4.663,4.956,31.50000000000004,33.200000000000074,2.200000000000024
2026-04-17,4.665,4.656,4.698,4.996,33.10000000000004,34.00000000000007,3.3000000000000362
2026-04-20,4.602,4.589,4.633,4.937,33.5,34.79999999999998,3.0999999999999694
2026-04-21,4.581,4.564,4.604,4.909,32.79999999999994,34.49999999999997,2.2999999999999687
2026-04-22,4.629,4.616,4.654,4.958,32.90000000000006,34.20000000000005,2.5000000000000355
2026-04-23,4.692,4.683,4.716,5.001,30.900000000000016,31.80000000000005,2.400000000000002
2026-04-24,4.694,4.68,4.708,4.977,28.300000000000036,29.70000000000006,1.4000000000000234
2026-04-27,4.695,4.681,4.711,4.99,29.499999999999993,30.900000000000016,1.6000000000000014
2026-04-28,4.733,4.72,4.751,5.028,29.499999999999993,30.799999999999983,1.8000000000000682
2026-04-29,4.693,4.68,4.713,4.997,30.400000000000027,31.700000000000017,2.000000000000046
2026-04-30,4.771,4.763,4.792,5.067,29.600000000000026,30.400000000000027,2.0999999999999908
2026-05-01,4.724,4.71,4.741,5.022,29.800000000000004,31.200000000000028,1.699999999999946
2026-05-04,4.687,4.667,4.699,4.984,29.69999999999997,31.700000000000017,1.1999999999999567
2026-05-05,4.666,4.635,4.672,4.974,30.799999999999983,33.90000000000004,0.5999999999999339
2026-05-06,4.665,4.63,4.663,4.956,29.100000000000037,32.60000000000005,-0.19999999999997797
2026-05-07,4.642,4.601,4.631,4.926,28.39999999999998,32.500000000000014,-1.100000000000012
2026-05-08,4.692,4.656,4.687,4.991,29.89999999999995,33.5,-0.49999999999998934
2026-05-11,4.706,4.672,4.7,4.996,29.000000000000004,32.40000000000008,-0.6000000000000227
2026-05-12,4.733,4.711,4.737,5.036,30.299999999999994,32.49999999999993,0.40000000000004476
2026-05-13,4.739,4.717,4.752,5.066,32.699999999999996,34.90000000000002,1.29999999999999
2026-05-14,4.703,4.678,4.714,5.022,31.899999999999995,34.400000000000034,1.100000000000012
2026-05-15,4.744,4.727,4.762,5.077,33.30000000000002,34.999999999999964,1.7999999999999794
2026-05-18,4.752,4.737,4.787,5.118,36.60000000000005,38.10000000000002,3.500000000000014
2026-05-19,4.693,4.674,4.725,5.064,37.100000000000044,38.99999999999997,3.200000000000003
2026-05-20,4.706,4.688,4.741,5.074,36.79999999999994,38.60000000000001,3.4999999999999254
2026-05-21,4.618,4.586,4.638,4.971,35.299999999999976,38.49999999999998,1.9999999999999574
2026-05-22,4.579,4.541,4.59,4.93,35.099999999999994,38.899999999999935,1.100000000000012
2026-05-25,4.562,4.522,4.562,4.887,32.49999999999993,36.49999999999993,0.0
2026-05-26,4.588,4.551,4.59,4.917,32.89999999999998,36.599999999999966,0.19999999999997797
2026-05-27,4.539,4.498,4.536,4.863,32.40000000000008,36.50000000000002,-0.30000000000001137
2026-05-28,4.566,4.527,4.569,4.904,33.80000000000001,37.699999999999974,0.30000000000001137
2026-05-29,4.52,4.477,4.514,4.838,31.80000000000005,36.09999999999998,-0.5999999999999339
2026-06-01,4.558,4.522,4.561,4.889,33.10000000000004,36.7,0.30000000000001137
2026-06-02,4.571,4.532,4.568,4.889,31.80000000000005,35.70000000000002,-0.30000000000001137
2026-06-03,4.598,4.56,4.597,4.919,32.09999999999997,35.9,-0.09999999999994458
2026-06-04,4.598,4.561,4.6,4.925,32.699999999999996,36.39999999999999,0.19999999999997797
2026-06-05,4.595,4.556,4.594,4.916,32.100000000000065,36.00000000000003,-0.09999999999994458
2026-06-09,4.579,4.545,4.589,4.927,34.79999999999998,38.19999999999997,1.0000000000000675
2026-06-10,4.539,4.506,4.553,4.897,35.800000000000054,39.1,1.4000000000000234
2026-06-11,4.531,4.494,4.547,4.903,37.19999999999999,40.89999999999998,1.6000000000000014
2026-06-12,4.467,4.422,4.471,4.82,35.30000000000007,39.800000000000054,0.40000000000004476
2026-06-15,4.476,4.428,4.474,4.815,33.90000000000004,38.700000000000045,-0.19999999999997797
2026-06-16,4.472,4.425,4.481,4.835,36.299999999999955,41.000000000000014,0.8999999999999453
2026-06-17,4.437,4.382,4.425,4.776,33.89999999999995,39.40000000000001,-1.2000000000000455
2026-06-18,4.467,4.417,4.451,4.78,31.30000000000006,36.30000000000004,-1.6000000000000014
2026-06-19,4.501,4.457,4.491,4.82,31.899999999999995,36.30000000000004,-1.0000000000000675
2026-06-22,4.491,4.446,4.484,4.821,33.00000000000001,37.5,-0.6999999999999673
2026-06-23,4.442,4.395,4.434,4.782,33.999999999999986,38.700000000000045,-0.8000000000000007
2026-06-24,4.444,4.4,4.433,4.772,32.800000000000026,37.19999999999999,-1.100000000000012
2026-06-25,4.413,4.364,4.397,4.739,32.599999999999966,37.5,-1.6000000000000014
2026-06-26,4.406,4.356,4.389,4.729,32.30000000000004,37.300000000000026,-1.699999999999946
2026-06-29,4.43,4.384,4.42,4.759,32.90000000000006,37.5,-0.9999999999999787
2026-06-30,4.413,4.363,4.397,4.734,32.09999999999997,37.09999999999995,-1.6000000000000014
2026-07-01,4.458,4.415,4.452,4.798,33.999999999999986,38.3,-0.6000000000000227
2026-07-02,4.47,4.433,4.473,4.832,36.20000000000001,39.900000000000006,0.30000000000001137
2026-07-03,4.444,4.406,4.444,4.808,36.39999999999999,40.20000000000002,0.0
2026-07-06,4.428,4.39,4.431,4.798,37.000000000000014,40.80000000000004,0.30000000000001137
2026-07-07,4.442,4.412,4.458,4.833,39.1,42.10000000000002,1.6000000000000014
2026-07-08,4.487,4.461,4.512,4.893,40.599999999999966,43.199999999999946,2.4999999999999467
2026-07-09,4.483,4.464,4.516,4.887,40.39999999999999,42.29999999999991,3.3000000000000362
2026-07-10,4.443,4.42,4.475,4.848,40.50000000000003,42.8,3.200000000000003
2026-07-13,4.468,4.45,4.504,4.873,40.50000000000003,42.300000000000004,3.599999999999959
2026-07-14,4.514,4.502,4.557,4.923,40.89999999999998,42.10000000000002,4.300000000000015
2026-07-15,4.501,4.487,4.546,4.913,41.19999999999999,42.600000000000016,4.499999999999993
2026-07-16,4.487,4.473,4.534,4.909,42.199999999999974,43.599999999999994,4.699999999999971
2026-07-17,4.5,4.487,4.546,4.914,41.39999999999997,42.69999999999996,4.600000000000026
2026-07-20,4.566,4.558,4.616,4.974,40.80000000000004,41.60000000000004,4.999999999999982
2026-07-21,4.539,4.53,4.588,4.955,41.60000000000004,42.499999999999986,4.900000000000038
2026-07-22,4.561,4.554,4.615,4.989,42.8,43.49999999999996,5.400000000000027
2026-07-23,4.607,4.603,4.656,5.004,39.69999999999993,40.09999999999998,4.899999999999949
2026-07-24,4.715,4.716,4.765,5.1,38.49999999999998,38.39999999999995,4.999999999999982
2026-07-27,4.625,4.614,4.666,5.012,38.69999999999996,39.79999999999997,4.100000000000037
2026-07-28,4.574,4.564,4.62,4.977,40.30000000000005,41.300000000000026,4.600000000000026
2026-07-29,4.506,4.491,4.554,4.933,42.69999999999996,44.20000000000002,4.800000000000004
2026-07-30,4.559,4.545,4.618,5.011,45.199999999999996,46.60000000000002,5.900000000000016
2026-07-31,4.509,4.491,4.559,4.943,43.39999999999993,45.199999999999996,4.999999999999982
2026-08-03,4.517,4.504,4.576,4.964,44.7,46.000000000000085,5.8999999999999275
2026-08-04,4.542,4.526,4.598,4.988,44.600000000000065,46.20000000000006,5.600000000000005
2026-08-05,4.489,4.468,4.535,4.924,43.50000000000005,45.60000000000004,4.600000000000026
2026-08-06,4.505,4.483,4.55,4.939,43.40000000000002,45.60000000000004,4.499999999999993
2026-08-07,4.551,4.535,4.604,4.999,44.799999999999955,46.39999999999995,5.299999999999994
2026-08-10,4.556,4.54,4.605,4.984,42.8,44.39999999999999,4.900000000000038
2026-08-11,4.581,4.564,4.634,5.024,44.29999999999996,46.0,5.299999999999994
2026-08-12,4.568,4.549,4.62,5.013,44.50000000000003,46.39999999999995,5.200000000000049
2026-08-13,4.529,4.505,4.579,4.98,45.10000000000005,47.50000000000006,4.999999999999982
2026-08-14,4.543,4.52,4.593,4.995,45.199999999999996,47.50000000000006,4.999999999999982
2026-08-17,4.564,4.545,4.623,5.031,46.69999999999996,48.59999999999998,5.900000000000016
2026-08-18,4.608,4.59,4.67,5.087,47.900000000000006,49.69999999999999,6.200000000000028
2026-08-19,4.584,4.565,4.642,5.047,46.30000000000001,48.19999999999993,5.800000000000072
2026-08-20,4.544,4.526,4.6,4.997,45.300000000000026,47.10000000000001,5.600000000000005
2026-08-21,4.583,4.565,4.642,5.048,46.499999999999986,48.29999999999997,5.900000000000016
2026-08-24,4.548,4.531,4.607,5.008,46.0,47.70000000000003,5.900000000000016
2026-08-25,4.568,4.55,4.622,5.013,44.50000000000003,46.30000000000001,5.400000000000027
2026-08-26,4.619,4.598,4.656,5.023,40.39999999999999,42.499999999999986,3.699999999999992
